anno,territorio,livello_territoriale,categoria_sport,n_spettacoli,persone,media_ps,botteghino,pubblico,persone_medie_per_spettacolo,botteghino_medio_per_spettacolo,pubblico_medio_per_spettacolo,persone_per_spettacolo,n_spettacoli_nazionale,persone_nazionale,botteghino_nazionale,pubblico_nazionale,quota_spettacoli_nazionale,quota_persone_nazionale,quota_botteghino_nazionale,quota_pubblico_nazionale,variazione_assoluta_yoy_spettacoli,variazione_yoy_spettacoli,variazione_assoluta_yoy_persone,variazione_yoy_persone,ranking_spettacoli_anno,ranking_persone_anno,ranking_botteghino_anno,ranking_pubblico_anno,ranking_persone_medie_per_spettacolo_anno,ranking_botteghino_medio_per_spettacolo_anno,media_spettacoli_2017_2019,indice_resilienza_spettacoli_2021
2004,Abruzzo,regione,Attività sportiva,3536.0,435143.0,,,,123.0608031674208,,,123.0608031674208,172421.0,20995869.0,,,2.05079427679923,2.0725172175536053,,,,,,,10.0,13.0,,,10.0,,1998.6666666666667,20.063375583722483
2005,Abruzzo,regione,Attività sportiva,2595.0,352704.0,,,,135.91676300578035,,,135.91676300578035,142176.0,21604551.0,,,1.825202565833896,1.6325449207437823,,,-941.0,-26.61199095022625,-82439.0,-18.945266268789798,12.0,14.0,,,10.0,,1998.6666666666667,20.063375583722483
2006,Abruzzo,regione,Attività sportiva,2641.0,424625.0,,,,160.78190079515335,,,160.78190079515335,141965.0,25377897.0,,,1.8603176839361812,1.6732079888258669,,,46.0,1.772639691714839,71921.0,20.39131963346035,11.0,14.0,,,11.0,,1998.6666666666667,20.063375583722483
2007,Abruzzo,regione,Attività sportiva,4704.0,534731.0,,,,113.67580782312923,,,113.67580782312923,199984.0,30890294.0,,,2.352188175054005,1.731064780412903,,,2063.0,78.11435062476335,110106.0,25.930173682661174,12.0,15.0,,,13.0,,1998.6666666666667,20.063375583722483
2008,Abruzzo,regione,Attività sportiva,2789.0,445726.0,,,,159.81570455360344,,,159.81570455360344,143979.0,28909449.0,,,1.937088047562492,1.5418003988938012,,,-1915.0,-40.71003401360544,-89005.0,-16.64481767468129,10.0,15.0,,,12.0,,1998.6666666666667,20.063375583722483
2009,Abruzzo,regione,Attività sportiva,2623.0,530277.0,,,,202.1643156690812,,,202.1643156690812,141577.0,29645602.0,,,1.8527020631882296,1.7887206338397177,,,-166.0,-5.951954105414126,84551.0,18.969277089512392,10.0,13.0,,,9.0,,1998.6666666666667,20.063375583722483
2010,Abruzzo,regione,Attività sportiva,2664.0,539024.0,,,,202.33633633633636,,,202.33633633633636,141712.0,27924667.0,,,1.8798690301456475,1.9302790611612304,,,41.0,1.5630956919557848,8747.0,1.6495152533487325,9.0,13.0,,,8.0,,1998.6666666666667,20.063375583722483
2011,Abruzzo,regione,Attività sportiva,2412.0,540203.0,,,,223.96475953565505,,,223.96475953565505,136207.0,28843726.0,,,1.7708340981006847,1.8728613633342652,,,-252.0,-9.459459459459463,1179.0,0.2187286651429199,10.0,14.0,,,9.0,,1998.6666666666667,20.063375583722483
2012,Abruzzo,regione,Attività sportiva,2281.0,646467.0,,,,283.4138535729943,,,283.4138535729943,135844.0,28232930.0,,,1.679131945466859,2.2897623448930027,,,-131.0,-5.43117744610282,106264.0,19.67112363315273,11.0,13.0,,,7.0,,1998.6666666666667,20.063375583722483
2013,Abruzzo,regione,Attività sportiva,2332.0,532671.0,,,,228.4180960548885,,,228.4180960548885,141298.0,27183346.0,,,1.6504126031507875,1.9595490562493667,,,51.0,2.2358614642700614,-113796.0,-17.6027546649713,11.0,14.0,,,9.0,,1998.6666666666667,20.063375583722483
2014,Abruzzo,regione,Attività sportiva,2168.0,489009.0,,,,225.55765682656823,,,225.55765682656823,139509.0,28437955.0,,,1.5540216043409387,1.7195645748788897,,,-164.0,-7.032590051457976,-43662.0,-8.19680440647229,11.0,15.0,,,11.0,,1998.6666666666667,20.063375583722483
2015,Abruzzo,regione,Attività sportiva,2266.0,534104.0,,,,235.70344218887908,,,235.70344218887908,141193.0,28463782.0,,,1.604895426827109,1.876433707931012,,,98.0,4.520295202952029,45095.0,9.22171166583845,11.0,13.0,,,9.0,,1998.6666666666667,20.063375583722483
2016,Abruzzo,regione,Attività sportiva,2301.0,569460.0,,,,247.48370273794004,,,247.48370273794004,142570.0,29079594.0,,,1.6139440274952657,1.9582804354146075,,,35.0,1.544571932921457,35356.0,6.619684555816852,11.0,14.0,,,10.0,,1998.6666666666667,20.063375583722483
2017,Abruzzo,regione,Attività sportiva,2238.0,478470.0,,,,213.7935656836461,,,213.7935656836461,140143.0,30707626.0,,,1.5969402681546705,1.5581471521113357,,,-63.0,-2.737940026075625,-90990.0,-15.978295227057217,10.0,16.0,,,11.0,,1998.6666666666667,20.063375583722483
2018,Abruzzo,regione,Attività sportiva,1927.0,367030.0,,,,190.4670472236637,,,190.4670472236637,134238.0,30580842.0,,,1.435510064214306,1.200195861186556,,,-311.0,-13.896336014298482,-111440.0,-23.290906430915204,12.0,17.0,,,13.0,,1998.6666666666667,20.063375583722483
2019,Abruzzo,regione,Attività sportiva,1831.0,398218.0,,,,217.48661933369743,,,217.48661933369743,130267.0,30905001.0,,,1.405574704261248,1.288522851042781,,,-96.0,-4.9818370524130735,31188.0,8.497398032858339,12.0,17.0,,,11.0,,1998.6666666666667,20.063375583722483
2020,Abruzzo,regione,Attività sportiva,639.0,90044.0,,,,140.91392801251956,,,140.91392801251956,38109.0,7084247.0,,,1.6767692671022592,1.271045461853603,,,-1192.0,-65.10103768432552,-308174.0,-77.38826471932458,12.0,17.0,,,14.0,,1998.6666666666667,20.063375583722483
2021,Abruzzo,regione,Attività sportiva,401.0,92999.0,231.9177057,660700.07,776949.07,231.9177057356609,1647.6310972568576,1937.5288528678304,231.9177057356609,27192.0,8325231.0,175574380.99,183988752.94,1.4746984407178585,1.1170741088145182,0.3763077883427825,0.4222807413958441,-238.0,-37.24569640062598,2955.0,3.281728932521877,13.0,17.0,17.0,17.0,16.0,18.0,1998.6666666666667,20.063375583722483
2004,Basilicata,regione,Attività sportiva,768.0,153766.0,,,,200.21614583333331,,,200.21614583333331,172421.0,20995869.0,,,0.4454213813862581,0.732363113905883,,,,,,,18.0,18.0,,,6.0,,477.0,19.07756813417191
2005,Basilicata,regione,Attività sportiva,733.0,96443.0,,,,131.57298772169167,,,131.57298772169167,142176.0,21604551.0,,,0.5155581814089579,0.4464013160930768,,,-35.0,-4.557291666666663,-57323.0,-37.27937255310017,18.0,18.0,,,11.0,,477.0,19.07756813417191
2006,Basilicata,regione,Attività sportiva,852.0,144727.0,,,,169.86737089201878,,,169.86737089201878,141965.0,25377897.0,,,0.6001479237840313,0.5702876010569355,,,119.0,16.234652114597537,48284.0,50.06480511804901,18.0,18.0,,,9.0,,477.0,19.07756813417191
2007,Basilicata,regione,Attività sportiva,833.0,196132.0,,,,235.45258103241295,,,235.45258103241295,199984.0,30890294.0,,,0.4165333226658133,0.6349308297292346,,,-19.0,-2.230046948356812,51405.0,35.518597082783444,19.0,18.0,,,5.0,,477.0,19.07756813417191
2008,Basilicata,regione,Attività sportiva,699.0,122640.0,,,,175.45064377682402,,,175.45064377682402,143979.0,28909449.0,,,0.4854874669222595,0.4242211603548722,,,-134.0,-16.086434573829532,-73492.0,-37.47068300940183,18.0,18.0,,,10.0,,477.0,19.07756813417191
2009,Basilicata,regione,Attività sportiva,706.0,133953.0,,,,189.73512747875355,,,189.73512747875355,141577.0,29645602.0,,,0.4986685690472323,0.4518477985368622,,,7.0,1.0014306151645114,11313.0,9.224559686888444,18.0,18.0,,,11.0,,477.0,19.07756813417191
2010,Basilicata,regione,Attività sportiva,670.0,79669.0,,,,118.9089552238806,,,118.9089552238806,141712.0,27924667.0,,,0.4727898837078017,0.285299731595725,,,-36.0,-5.099150141643061,-54284.0,-40.524661635051096,19.0,18.0,,,16.0,,477.0,19.07756813417191
2011,Basilicata,regione,Attività sportiva,556.0,49937.0,,,,89.81474820143885,,,89.81474820143885,136207.0,28843726.0,,,0.4082022216185658,0.1731295048358176,,,-114.0,-17.014925373134325,-29732.0,-37.31940905496492,18.0,18.0,,,18.0,,477.0,19.07756813417191
2012,Basilicata,regione,Attività sportiva,515.0,51344.0,,,,99.69708737864076,,,99.69708737864076,135844.0,28232930.0,,,0.379111333588528,0.18185856019903,,,-41.0,-7.374100719424459,1407.0,2.817550113142553,18.0,18.0,,,19.0,,477.0,19.07756813417191
2013,Basilicata,regione,Attività sportiva,550.0,46643.0,,,,84.80545454545455,,,84.80545454545455,141298.0,27183346.0,,,0.3892482554600914,0.1715866766364964,,,35.0,6.796116504854366,-4701.0,-9.15588968526021,17.0,19.0,,,19.0,,477.0,19.07756813417191
2014,Basilicata,regione,Attività sportiva,473.0,107809.0,,,,227.92600422832984,,,227.92600422832984,139509.0,28437955.0,,,0.339046226408332,0.3791025057884788,,,-77.0,-14.000000000000002,61166.0,131.13650494179188,18.0,18.0,,,10.0,,477.0,19.07756813417191
2015,Basilicata,regione,Attività sportiva,460.0,104375.0,,,,226.90217391304347,,,226.90217391304347,141193.0,28463782.0,,,0.3257951881467211,0.366694067569798,,,-13.0,-2.748414376321351,-3434.0,-3.1852628259236293,18.0,18.0,,,10.0,,477.0,19.07756813417191
2016,Basilicata,regione,Attività sportiva,554.0,124112.0,,,,224.028880866426,,,224.028880866426,142570.0,29079594.0,,,0.3885810479062916,0.4268010069191474,,,94.0,20.434782608695645,19737.0,18.90970059880239,18.0,18.0,,,11.0,,477.0,19.07756813417191
2017,Basilicata,regione,Attività sportiva,610.0,131827.0,,,,216.10983606557377,,,216.10983606557377,140143.0,30707626.0,,,0.4352696888178503,0.429297269674966,,,56.0,10.108303249097483,7715.0,6.216159597782656,18.0,18.0,,,10.0,,477.0,19.07756813417191
2018,Basilicata,regione,Attività sportiva,469.0,132231.0,,,,281.9424307036247,,,281.9424307036247,134238.0,30580842.0,,,0.3493794603614475,0.4323981661459811,,,-141.0,-23.114754098360656,404.0,0.3064622573524467,18.0,18.0,,,10.0,,477.0,19.07756813417191
2019,Basilicata,regione,Attività sportiva,352.0,127777.0,,,,363.0028409090909,,,363.0028409090909,130267.0,30905001.0,,,0.2702142522664988,0.4134508845348362,,,-117.0,-24.946695095948822,-4454.0,-3.368347815565187,18.0,18.0,,,8.0,,477.0,19.07756813417191
2020,Basilicata,regione,Attività sportiva,146.0,22973.0,,,,157.34931506849315,,,157.34931506849315,38109.0,7084247.0,,,0.3831116009341625,0.324282877206286,,,-206.0,-58.52272727272727,-104804.0,-82.02102099751912,18.0,18.0,,,11.0,,477.0,19.07756813417191
2021,Basilicata,regione,Attività sportiva,91.0,31506.0,346.2197802,427972.89,443820.04,346.2197802197802,4702.998791208792,4877.143296703296,346.2197802197802,27192.0,8325231.0,175574380.99,183988752.94,0.3346572521329803,0.3784399495941914,0.2437558871555273,0.2412212882081617,-55.0,-37.67123287671232,8533.0,37.14360336046663,19.0,18.0,18.0,18.0,9.0,12.0,477.0,19.07756813417191
2004,Calabria,regione,Attività sportiva,1043.0,338544.0,,,,324.5867689357622,,,324.5867689357622,172421.0,20995869.0,,,0.6049147145649312,1.6124314740199608,,,,,,,17.0,16.0,,,4.0,,681.6666666666666,26.699266503667484
2005,Calabria,regione,Attività sportiva,958.0,284175.0,,,,296.63361169102296,,,296.63361169102296,142176.0,21604551.0,,,0.6738127391402206,1.315347863512646,,,-85.0,-8.149568552253116,-54369.0,-16.05965546575925,17.0,16.0,,,4.0,,681.6666666666666,26.699266503667484
2006,Calabria,regione,Attività sportiva,933.0,380956.0,,,,408.3129689174705,,,408.3129689174705,141965.0,25377897.0,,,0.6572042404818089,1.501133052908206,,,-25.0,-2.609603340292277,96781.0,34.05683117797131,17.0,15.0,,,5.0,,681.6666666666666,26.699266503667484
2007,Calabria,regione,Attività sportiva,2599.0,628717.0,,,,241.90727202770296,,,241.90727202770296,199984.0,30890294.0,,,1.2996039683174654,2.0353221630069305,,,1666.0,178.56377277599145,247761.0,65.0366446518758,17.0,12.0,,,4.0,,681.6666666666666,26.699266503667484
2008,Calabria,regione,Attività sportiva,991.0,543809.0,,,,548.7477295660949,,,548.7477295660949,143979.0,28909449.0,,,0.6882948207724737,1.8810770139548487,,,-1608.0,-61.86994998076183,-84908.0,-13.504963282367113,17.0,14.0,,,4.0,,681.6666666666666,26.699266503667484
2009,Calabria,regione,Attività sportiva,765.0,519483.0,,,,679.0627450980393,,,679.0627450980393,141577.0,29645602.0,,,0.5403420047041539,1.752310511353421,,,-226.0,-22.805247225025223,-24326.0,-4.473261751828305,17.0,15.0,,,5.0,,681.6666666666666,26.699266503667484
2010,Calabria,regione,Attività sportiva,815.0,455311.0,,,,558.6638036809816,,,558.6638036809816,141712.0,27924667.0,,,0.5751100824206842,1.630497509603248,,,50.0,6.5359477124183,-64172.0,-12.353051014181403,17.0,15.0,,,5.0,,681.6666666666666,26.699266503667484
2011,Calabria,regione,Attività sportiva,556.0,404381.0,,,,727.3039568345324,,,727.3039568345324,136207.0,28843726.0,,,0.4082022216185658,1.4019721307850448,,,-259.0,-31.779141104294485,-50930.0,-11.185760941422451,18.0,17.0,,,5.0,,681.6666666666666,26.699266503667484
2012,Calabria,regione,Attività sportiva,571.0,412107.0,,,,721.7285464098073,,,721.7285464098073,135844.0,28232930.0,,,0.4203350902505816,1.4596678417720017,,,15.0,2.6978417266187105,7726.0,1.9105744335168984,17.0,16.0,,,4.0,,681.6666666666666,26.699266503667484
2013,Calabria,regione,Attività sportiva,477.0,334908.0,,,,702.1132075471698,,,702.1132075471698,141298.0,27183346.0,,,0.3375843960990247,1.2320337606709637,,,-94.0,-16.462346760070055,-77199.0,-18.732756298728248,18.0,16.0,,,4.0,,681.6666666666666,26.699266503667484
2014,Calabria,regione,Attività sportiva,499.0,295532.0,,,,592.2484969939879,,,592.2484969939879,139509.0,28437955.0,,,0.3576830168662954,1.0392167791249405,,,22.0,4.612159329140453,-39376.0,-11.757258709854646,17.0,17.0,,,6.0,,681.6666666666666,26.699266503667484
2015,Calabria,regione,Attività sportiva,575.0,244609.0,,,,425.4069565217391,,,425.4069565217391,141193.0,28463782.0,,,0.4072439851834014,0.8593692855011326,,,76.0,15.23046092184368,-50923.0,-17.230959760702735,17.0,17.0,,,6.0,,681.6666666666666,26.699266503667484
2016,Calabria,regione,Attività sportiva,621.0,342758.0,,,,551.9452495974235,,,551.9452495974235,142570.0,29079594.0,,,0.4355755067686049,1.1786890834858286,,,46.0,8.000000000000007,98149.0,40.12485231532772,17.0,17.0,,,6.0,,681.6666666666666,26.699266503667484
2017,Calabria,regione,Attività sportiva,687.0,470378.0,,,,684.684133915575,,,684.684133915575,140143.0,30707626.0,,,0.4902135675702675,1.5317953918026748,,,66.0,10.6280193236715,127620.0,37.23326661959749,17.0,17.0,,,4.0,,681.6666666666666,26.699266503667484
2018,Calabria,regione,Attività sportiva,711.0,493139.0,,,,693.5850914205345,,,693.5850914205345,134238.0,30580842.0,,,0.5296562821257766,1.6125749578772226,,,24.0,3.493449781659397,22761.0,4.838874267078808,17.0,15.0,,,4.0,,681.6666666666666,26.699266503667484
2019,Calabria,regione,Attività sportiva,647.0,648641.0,,,,1002.5363214837712,,,1002.5363214837712,130267.0,30905001.0,,,0.4966722193648429,2.0988221291434352,,,-64.0,-9.001406469760898,155502.0,31.53309715921879,17.0,13.0,,,2.0,,681.6666666666666,26.699266503667484
2020,Calabria,regione,Attività sportiva,154.0,151869.0,,,,986.1623376623376,,,986.1623376623376,38109.0,7084247.0,,,0.4041040174237057,2.14375642181872,,,-493.0,-76.19783616692426,-496772.0,-76.5865864168315,17.0,15.0,,,1.0,,681.6666666666666,26.699266503667484
2021,Calabria,regione,Attività sportiva,182.0,157739.0,866.6978022,1802259.99,1929154.74,866.6978021978022,9902.527417582418,10599.75131868132,866.6978021978022,27192.0,8325231.0,175574380.99,183988752.94,0.6693145042659606,1.894710188822388,1.0264937172711144,1.0485177540331014,28.0,18.181818181818187,5870.0,3.8651732743351097,17.0,15.0,14.0,14.0,3.0,5.0,681.6666666666666,26.699266503667484
2004,Campania,regione,Attività sportiva,3112.0,1124721.0,,,,361.4142030848329,,,361.4142030848329,172421.0,20995869.0,,,1.8048845558255664,5.3568680581880175,,,,,,,12.0,7.0,,,2.0,,1660.0,31.506024096385545
2005,Campania,regione,Attività sportiva,2689.0,1374872.0,,,,511.2949051692079,,,511.2949051692079,142176.0,21604551.0,,,1.891317803286068,6.36380732929835,,,-423.0,-13.592544987146526,250151.0,22.241160252186987,11.0,6.0,,,2.0,,1660.0,31.506024096385545
2006,Campania,regione,Attività sportiva,2771.0,1414003.0,,,,510.28617827499096,,,510.28617827499096,141965.0,25377897.0,,,1.9518895502412568,5.571789498554589,,,82.0,3.049460766084056,39131.0,2.8461558603273707,10.0,6.0,,,3.0,,1660.0,31.506024096385545
2007,Campania,regione,Attività sportiva,9009.0,2010314.0,,,,223.14507714507715,,,223.14507714507715,199984.0,30890294.0,,,4.504860388831107,6.507914751475011,,,6238.0,225.117286178275,596311.0,42.17183414745232,7.0,6.0,,,6.0,,1660.0,31.506024096385545
2008,Campania,regione,Attività sportiva,2244.0,1817720.0,,,,810.0356506238859,,,810.0356506238859,143979.0,28909449.0,,,1.5585606234242493,6.287632808221284,,,-6765.0,-75.0915750915751,-192594.0,-9.580294421667457,13.0,6.0,,,3.0,,1660.0,31.506024096385545
2009,Campania,regione,Attività sportiva,2248.0,1667543.0,,,,741.789590747331,,,741.789590747331,141577.0,29645602.0,,,1.5878285314705074,5.624925410521263,,,4.0,0.1782531194295833,-150177.0,-8.261833505710447,12.0,7.0,,,2.0,,1660.0,31.506024096385545
2010,Campania,regione,Attività sportiva,2095.0,1595885.0,,,,761.7589498806683,,,761.7589498806683,141712.0,27924667.0,,,1.4783504572654398,5.71496519546679,,,-153.0,-6.806049822064053,-71658.0,-4.297220521449818,14.0,7.0,,,3.0,,1660.0,31.506024096385545
2011,Campania,regione,Attività sportiva,1569.0,1921153.0,,,,1224.4442319949012,,,1224.4442319949012,136207.0,28843726.0,,,1.15192317575455,6.6605576547218615,,,-526.0,-25.10739856801909,325268.0,20.381669105230003,14.0,7.0,,,1.0,,1660.0,31.506024096385545
2012,Campania,regione,Attività sportiva,1513.0,1625076.0,,,,1074.0753469927297,,,1074.0753469927297,135844.0,28232930.0,,,1.1137775683872675,5.75595944168742,,,-56.0,-3.5691523263225,-296077.0,-15.411422203228998,14.0,7.0,,,1.0,,1660.0,31.506024096385545
2013,Campania,regione,Attività sportiva,1633.0,1863025.0,,,,1140.8603796693203,,,1140.8603796693203,141298.0,27183346.0,,,1.1557134566660532,6.853552906989449,,,120.0,7.931262392597493,237949.0,14.642330574077755,14.0,6.0,,,1.0,,1660.0,31.506024096385545
2014,Campania,regione,Attività sportiva,1583.0,1753145.0,,,,1107.4826279216677,,,1107.4826279216677,139509.0,28437955.0,,,1.1346938190367646,6.164806857595773,,,-50.0,-3.0618493570116367,-109880.0,-5.897934810321925,14.0,6.0,,,2.0,,1660.0,31.506024096385545
2015,Campania,regione,Attività sportiva,1637.0,1817871.0,,,,1110.4893097128895,,,1110.4893097128895,141193.0,28463782.0,,,1.1594059195569186,6.386610886775341,,,54.0,3.411244472520525,64726.0,3.691993531624593,14.0,6.0,,,2.0,,1660.0,31.506024096385545
2016,Campania,regione,Attività sportiva,1641.0,1889381.0,,,,1151.3595368677636,,,1151.3595368677636,142570.0,29079594.0,,,1.1510135372097916,6.49727434296366,,,4.0,0.2443494196701312,71510.0,3.933722469856216,14.0,6.0,,,1.0,,1660.0,31.506024096385545
2017,Campania,regione,Attività sportiva,1659.0,2138668.0,,,,1289.1308016877638,,,1289.1308016877638,140143.0,30707626.0,,,1.18379084221117,6.9646152392242895,,,18.0,1.0968921389396646,249287.0,13.194109605209324,14.0,6.0,,,1.0,,1660.0,31.506024096385545
2018,Campania,regione,Attività sportiva,1684.0,1745803.0,,,,1036.7001187648457,,,1036.7001187648457,134238.0,30580842.0,,,1.2544882969054962,5.708812726608378,,,25.0,1.5069318866787196,-392865.0,-18.369611365578955,13.0,7.0,,,2.0,,1660.0,31.506024096385545
2019,Campania,regione,Attività sportiva,1637.0,1435972.0,,,,877.1973121563836,,,877.1973121563836,130267.0,30905001.0,,,1.256649803864371,4.6464065799577225,,,-47.0,-2.7909738717339705,-309831.0,-17.74719140704879,14.0,7.0,,,3.0,,1660.0,31.506024096385545
2020,Campania,regione,Attività sportiva,565.0,425186.0,,,,752.541592920354,,,752.541592920354,38109.0,7084247.0,,,1.482589414573985,6.001851714091844,,,-1072.0,-65.48564447159437,-1010786.0,-70.39036972865766,13.0,7.0,,,3.0,,1660.0,31.506024096385545
2021,Campania,regione,Attività sportiva,523.0,695239.0,1329.328872,14014656.12,14886573.73,1329.3288718929257,26796.66562141491,28463.81210325048,1329.3288718929257,27192.0,8325231.0,175574380.99,183988752.94,1.9233598117093265,8.350987498124676,7.9821760105184225,8.091023767553125,-42.0,-7.4336283185840735,270053.0,63.51408560018439,9.0,6.0,5.0,5.0,2.0,2.0,1660.0,31.506024096385545
2004,Emilia-Romagna,regione,Attività sportiva,20950.0,1880300.0,,,,89.75178997613365,,,89.75178997613365,172421.0,20995869.0,,,12.150492109429823,8.955571212603775,,,,,,,3.0,5.0,,,13.0,,10918.666666666666,15.075100744901698
2005,Emilia-Romagna,regione,Attività sportiva,15674.0,1695702.0,,,,108.18565777721066,,,108.18565777721066,142176.0,21604551.0,,,11.024364168354715,7.848818519764656,,,-5276.0,-25.18377088305489,-184598.0,-9.817475934691275,4.0,5.0,,,13.0,,10918.666666666666,15.075100744901698
2006,Emilia-Romagna,regione,Attività sportiva,16210.0,2344211.0,,,,144.61511412708205,,,144.61511412708205,141965.0,25377897.0,,,11.4183073292713,9.23721536106794,,,536.0,3.4196758963889184,648509.0,38.24427877068022,4.0,5.0,,,12.0,,10918.666666666666,15.075100744901698
2007,Emilia-Romagna,regione,Attività sportiva,22799.0,3061765.0,,,,134.29382867669634,,,134.29382867669634,199984.0,30890294.0,,,11.400412032962636,9.911737971804348,,,6589.0,40.64774830351634,717554.0,30.609616625807146,4.0,4.0,,,11.0,,10918.666666666666,15.075100744901698
2008,Emilia-Romagna,regione,Attività sportiva,15422.0,2631280.0,,,,170.6185968097523,,,170.6185968097523,143979.0,28909449.0,,,10.711284284513717,9.101799207587804,,,-7377.0,-32.35668231062766,-430485.0,-14.06002746781676,4.0,4.0,,,11.0,,10918.666666666666,15.075100744901698
2009,Emilia-Romagna,regione,Attività sportiva,14517.0,2801092.0,,,,192.95253840325137,,,192.95253840325137,141577.0,29645602.0,,,10.253784159856474,9.448592071093715,,,-905.0,-5.86824017637142,169812.0,6.453589127724912,4.0,4.0,,,10.0,,10918.666666666666,15.075100744901698
2010,Emilia-Romagna,regione,Attività sportiva,14486.0,2606885.0,,,,179.95892585945052,,,179.95892585945052,141712.0,27924667.0,,,10.222140679688382,9.335420186031223,,,-31.0,-0.2135427429909797,-194207.0,-6.933260314191747,4.0,4.0,,,11.0,,10918.666666666666,15.075100744901698
2011,Emilia-Romagna,regione,Attività sportiva,13615.0,2452739.0,,,,180.1497612926919,,,180.1497612926919,136207.0,28843726.0,,,9.995815193051753,8.503544236968551,,,-871.0,-6.012701919094299,-154146.0,-5.913034138444928,4.0,5.0,,,11.0,,10918.666666666666,15.075100744901698
2012,Emilia-Romagna,regione,Attività sportiva,13021.0,2506673.0,,,,192.5100222717149,,,192.5100222717149,135844.0,28232930.0,,,9.58525956243927,8.878543601390291,,,-594.0,-4.362835108336394,53934.0,2.1989294417384064,4.0,5.0,,,10.0,,10918.666666666666,15.075100744901698
2013,Emilia-Romagna,regione,Attività sportiva,12354.0,2573541.0,,,,208.31641573579407,,,208.31641573579407,141298.0,27183346.0,,,8.74322354173449,9.467344454211045,,,-667.0,-5.122494432071267,66868.0,2.6675996430328253,4.0,5.0,,,10.0,,10918.666666666666,15.075100744901698
2014,Emilia-Romagna,regione,Attività sportiva,11691.0,2708768.0,,,,231.6968608331195,,,231.6968608331195,139509.0,28437955.0,,,8.380104509386491,9.525185619008118,,,-663.0,-5.366682855755222,135227.0,5.254511196829581,4.0,5.0,,,9.0,,10918.666666666666,15.075100744901698
2015,Emilia-Romagna,regione,Attività sportiva,12026.0,2846476.0,,,,236.6934974222518,,,236.6934974222518,141193.0,28463782.0,,,8.517419418809714,10.000343594537084,,,335.0,2.865452057137974,137708.0,5.083787168188647,4.0,5.0,,,8.0,,10918.666666666666,15.075100744901698
2016,Emilia-Romagna,regione,Attività sportiva,11513.0,2963195.0,,,,257.3781811864848,,,257.3781811864848,142570.0,29079594.0,,,8.075331416146454,10.189946255783353,,,-513.0,-4.265757525361713,116719.0,4.100473708543473,4.0,4.0,,,8.0,,10918.666666666666,15.075100744901698
2017,Emilia-Romagna,regione,Attività sportiva,11604.0,3395056.0,,,,292.57635298173045,,,292.57635298173045,140143.0,30707626.0,,,8.280113883675961,11.056067961749957,,,91.0,0.790410839920086,431861.0,14.574167410514672,4.0,3.0,,,8.0,,10918.666666666666,15.075100744901698
2018,Emilia-Romagna,regione,Attività sportiva,10764.0,3223129.0,,,,299.43599033816423,,,299.43599033816423,134238.0,30580842.0,,,8.018593840790238,10.53969998602393,,,-840.0,-7.238883143743536,-171927.0,-5.064040180780527,4.0,3.0,,,9.0,,10918.666666666666,15.075100744901698
2019,Emilia-Romagna,regione,Attività sportiva,10388.0,3597177.0,,,,346.28195995379286,,,346.28195995379286,130267.0,30905001.0,,,7.974391058364744,11.639465729187323,,,-376.0,-3.493125232255667,374048.0,11.605120365954956,4.0,2.0,,,9.0,,10918.666666666666,15.075100744901698
2020,Emilia-Romagna,regione,Attività sportiva,3102.0,681954.0,,,,219.8433268858801,,,219.8433268858801,38109.0,7084247.0,,,8.139809493820357,9.626344197202611,,,-7286.0,-70.1386214863304,-2915223.0,-81.04196707584865,5.0,3.0,,,10.0,,10918.666666666666,15.075100744901698
2021,Emilia-Romagna,regione,Attività sportiva,1646.0,859231.0,522.0115431,18654296.76,18919828.38,522.0115431348725,11333.108602673148,11494.427934386393,522.0115431348725,27192.0,8325231.0,175574380.99,183988752.94,6.053250956163578,10.32080671395184,10.624725916625884,10.283143984442292,-1456.0,-46.93745970341715,177277.0,25.995448373350705,5.0,3.0,3.0,3.0,6.0,3.0,10918.666666666666,15.075100744901698
2004,Friuli- Venezia Giulia,regione,Attività sportiva,6427.0,410357.0,,,,63.84891862455267,,,63.84891862455267,172421.0,20995869.0,,,3.727504190324845,1.954465423650719,,,,,,,7.0,14.0,,,20.0,,4744.0,22.048903878583477
2005,Friuli- Venezia Giulia,regione,Attività sportiva,5574.0,524709.0,,,,94.1350914962325,,,94.1350914962325,142176.0,21604551.0,,,3.9204929101958137,2.428696620448164,,,-853.0,-13.272133188112644,114352.0,27.866467490502167,7.0,11.0,,,15.0,,4744.0,22.048903878583477
2006,Friuli- Venezia Giulia,regione,Attività sportiva,5764.0,574060.0,,,,99.5940319222762,,,99.5940319222762,141965.0,25377897.0,,,4.060155672172719,2.2620471664771906,,,190.0,3.4086831718693977,49351.0,9.405403757130149,7.0,12.0,,,16.0,,4744.0,22.048903878583477
2007,Friuli- Venezia Giulia,regione,Attività sportiva,6513.0,496545.0,,,,76.23906034085675,,,76.23906034085675,199984.0,30890294.0,,,3.256760540843268,1.607446662696056,,,749.0,12.994448299791816,-77515.0,-13.502943943141831,9.0,16.0,,,19.0,,4744.0,22.048903878583477
2008,Friuli- Venezia Giulia,regione,Attività sportiva,5470.0,789709.0,,,,144.3709323583181,,,144.3709323583181,143979.0,28909449.0,,,3.799165156029699,2.731663962187588,,,-1043.0,-16.014125594963925,293164.0,59.040771732672766,7.0,11.0,,,14.0,,4744.0,22.048903878583477
2009,Friuli- Venezia Giulia,regione,Attività sportiva,5308.0,810287.0,,,,152.6539186134137,,,152.6539186134137,141577.0,29645602.0,,,3.7491965502871225,2.7332452213316496,,,-162.0,-2.9616087751371145,20578.0,2.6057699734965745,7.0,12.0,,,13.0,,4744.0,22.048903878583477
2010,Friuli- Venezia Giulia,regione,Attività sportiva,5692.0,734215.0,,,,128.99068868587491,,,128.99068868587491,141712.0,27924667.0,,,4.016597041887772,2.6292703866441807,,,384.0,7.234363225320273,-76072.0,-9.388278474170264,7.0,12.0,,,14.0,,4744.0,22.048903878583477
2011,Friuli- Venezia Giulia,regione,Attività sportiva,4835.0,729277.0,,,,150.83288521199586,,,150.83288521199586,136207.0,28843726.0,,,3.549744139434831,2.528373068028728,,,-857.0,-15.056219255094872,-4938.0,-0.6725550417793102,7.0,12.0,,,14.0,,4744.0,22.048903878583477
2012,Friuli- Venezia Giulia,regione,Attività sportiva,4671.0,764088.0,,,,163.58124598587025,,,163.58124598587025,135844.0,28232930.0,,,3.438502988722357,2.7063716022389457,,,-164.0,-3.3919338159255408,34811.0,4.773357722785709,7.0,11.0,,,14.0,,4744.0,22.048903878583477
2013,Friuli- Venezia Giulia,regione,Attività sportiva,5403.0,590333.0,,,,109.2602258004812,,,109.2602258004812,141298.0,27183346.0,,,3.8238333168197713,2.171671581563212,,,732.0,15.671162491971735,-173755.0,-22.740181759169097,7.0,13.0,,,16.0,,4744.0,22.048903878583477
2014,Friuli- Venezia Giulia,regione,Attività sportiva,5069.0,492277.0,,,,97.11521010061156,,,97.11521010061156,139509.0,28437955.0,,,3.633457339669842,1.73105625914381,,,-334.0,-6.181750879141212,-98056.0,-16.610286058885404,7.0,14.0,,,18.0,,4744.0,22.048903878583477
2015,Friuli- Venezia Giulia,regione,Attività sportiva,4881.0,457989.0,,,,93.83097725875844,,,93.83097725875844,141193.0,28463782.0,,,3.456970246400317,1.6090237059853816,,,-188.0,-3.708818307358453,-34288.0,-6.965184235704691,7.0,15.0,,,18.0,,4744.0,22.048903878583477
2016,Friuli- Venezia Giulia,regione,Attività sportiva,5039.0,665871.0,,,,132.14348084937487,,,132.14348084937487,142570.0,29079594.0,,,3.5344041523462164,2.2898222031573066,,,158.0,3.237041589838152,207882.0,45.39017312642879,7.0,12.0,,,17.0,,4744.0,22.048903878583477
2017,Friuli- Venezia Giulia,regione,Attività sportiva,5026.0,776041.0,,,,154.40529247910862,,,154.40529247910862,140143.0,30707626.0,,,3.5863368131123208,2.527193082265624,,,-13.0,-0.2579876959714178,110170.0,16.545246751998512,7.0,12.0,,,16.0,,4744.0,22.048903878583477
2018,Friuli- Venezia Giulia,regione,Attività sportiva,4341.0,830033.0,,,,191.20778622437223,,,191.20778622437223,134238.0,30580842.0,,,3.233808608590712,2.714225461810372,,,-685.0,-13.629128531635493,53992.0,6.957364366057983,7.0,10.0,,,12.0,,4744.0,22.048903878583477
2019,Friuli- Venezia Giulia,regione,Attività sportiva,4865.0,1028998.0,,,,211.5103802672148,,,211.5103802672148,130267.0,30905001.0,,,3.734637321808286,3.329551744716009,,,524.0,12.070951393688102,198965.0,23.970733693720604,7.0,10.0,,,12.0,,4744.0,22.048903878583477
2020,Friuli- Venezia Giulia,regione,Attività sportiva,1676.0,221322.0,,,,132.05369928400955,,,132.05369928400955,38109.0,7084247.0,,,4.397911254559291,3.124142904672861,,,-3189.0,-65.54984583761563,-807676.0,-78.49150338484623,7.0,10.0,,,15.0,,4744.0,22.048903878583477
2021,Friuli- Venezia Giulia,regione,Attività sportiva,1046.0,201825.0,192.9493308,3939206.0,4409033.28,192.9493307839388,3765.971319311664,4215.136978967495,192.9493307839388,27192.0,8325231.0,175574380.99,183988752.94,3.846719623418653,2.4242570566510406,2.2436109287632124,2.3963602174301477,-630.0,-37.58949880668258,-19497.0,-8.809336622658392,7.0,10.0,9.0,8.0,17.0,15.0,4744.0,22.048903878583477
2004,Lazio,regione,Attività sportiva,3983.0,2193370.0,,,,550.6829023349234,,,550.6829023349234,172421.0,20995869.0,,,2.3100434401842005,10.446674057644389,,,,,,,9.0,4.0,,,1.0,,2473.333333333333,19.04312668463612
2005,Lazio,regione,Attività sportiva,3123.0,2670445.0,,,,855.0896573807237,,,855.0896573807237,142176.0,21604551.0,,,2.1965732613099256,12.360566993500582,,,-860.0,-21.591765001255336,477075.0,21.750776202829435,9.0,2.0,,,1.0,,2473.333333333333,19.04312668463612
2006,Lazio,regione,Attività sportiva,2944.0,2644242.0,,,,898.180027173913,,,898.180027173913,141965.0,25377897.0,,,2.0737505723241645,10.419468563529913,,,-179.0,-5.731668267691326,-26203.0,-0.9812222307517992,9.0,4.0,,,1.0,,2473.333333333333,19.04312668463612
2007,Lazio,regione,Attività sportiva,9857.0,3294598.0,,,,334.23942375976463,,,334.23942375976463,199984.0,30890294.0,,,4.928894311544924,10.665479583975472,,,6913.0,234.81657608695653,650356.0,24.595176992120997,6.0,3.0,,,2.0,,2473.333333333333,19.04312668463612
2008,Lazio,regione,Attività sportiva,3240.0,2660047.0,,,,821.0021604938272,,,821.0021604938272,143979.0,28909449.0,,,2.250328172858542,9.201306465578089,,,-6617.0,-67.12995840519427,-634551.0,-19.26034678585976,9.0,3.0,,,2.0,,2473.333333333333,19.04312668463612
2009,Lazio,regione,Attività sportiva,3209.0,3161180.0,,,,985.0981614210034,,,985.0981614210034,141577.0,29645602.0,,,2.26661110208579,10.663234296945632,,,-31.0,-0.9567901234567856,501133.0,18.839253592135783,9.0,3.0,,,1.0,,2473.333333333333,19.04312668463612
2010,Lazio,regione,Attività sportiva,2663.0,2629310.0,,,,987.3488546751784,,,987.3488546751784,141712.0,27924667.0,,,1.8791633736028,9.415725530406505,,,-546.0,-17.01464630726083,-531870.0,-16.82504634345403,10.0,3.0,,,2.0,,2473.333333333333,19.04312668463612
2011,Lazio,regione,Attività sportiva,2543.0,2761896.0,,,,1086.0778607943373,,,1086.0778607943373,136207.0,28843726.0,,,1.867011240244628,9.575378714941335,,,-120.0,-4.506196019526854,132586.0,5.042615743293877,9.0,3.0,,,2.0,,2473.333333333333,19.04312668463612
2012,Lazio,regione,Attività sportiva,2641.0,2671110.0,,,,1011.4009844755774,,,1011.4009844755774,135844.0,28232930.0,,,1.9441418097229173,9.460973409419427,,,98.0,3.85371608336611,-90786.0,-3.2870897383536546,9.0,4.0,,,2.0,,2473.333333333333,19.04312668463612
2013,Lazio,regione,Attività sportiva,2581.0,2706396.0,,,,1048.584269662921,,,1048.584269662921,141298.0,27183346.0,,,1.826635904259084,9.956081197656829,,,-60.0,-2.271866717152593,35286.0,1.3210238440199085,9.0,4.0,,,2.0,,2473.333333333333,19.04312668463612
2014,Lazio,regione,Attività sportiva,2487.0,2983386.0,,,,1199.5922798552474,,,1199.5922798552474,139509.0,28437955.0,,,1.782680687267488,10.490859838550277,,,-94.0,-3.641999225106552,276990.0,10.234644154070583,9.0,3.0,,,1.0,,2473.333333333333,19.04312668463612
2015,Lazio,regione,Attività sportiva,2529.0,2912069.0,,,,1151.4705417160933,,,1151.4705417160933,141193.0,28463782.0,,,1.7911652843979518,10.230787321235104,,,42.0,1.6887816646562026,-71317.0,-2.39047176597329,9.0,4.0,,,1.0,,2473.333333333333,19.04312668463612
2016,Lazio,regione,Attività sportiva,2629.0,2469255.0,,,,939.2373526055536,,,939.2373526055536,142570.0,29079594.0,,,1.8440064529704707,8.49136683270062,,,100.0,3.9541320680110736,-442814.0,-15.206164414373424,9.0,5.0,,,2.0,,2473.333333333333,19.04312668463612
2017,Lazio,regione,Attività sportiva,2684.0,2802726.0,,,,1044.2347242921014,,,1044.2347242921014,140143.0,30707626.0,,,1.9151866307985412,9.127133435844245,,,55.0,2.092050209205021,333471.0,13.50492354981563,9.0,5.0,,,2.0,,2473.333333333333,19.04312668463612
2018,Lazio,regione,Attività sportiva,2460.0,3239652.0,,,,1316.9317073170732,,,1316.9317073170732,134238.0,30580842.0,,,1.832566039422518,10.593730545417944,,,-224.0,-8.345752608047686,436926.0,15.58932268084714,9.0,2.0,,,1.0,,2473.333333333333,19.04312668463612
2019,Lazio,regione,Attività sportiva,2276.0,2988551.0,,,,1313.0716168717047,,,1313.0716168717047,130267.0,30905001.0,,,1.7471807902231569,9.670121026690794,,,-184.0,-7.47967479674797,-251101.0,-7.750863364336668,9.0,4.0,,,1.0,,2473.333333333333,19.04312668463612
2020,Lazio,regione,Attività sportiva,863.0,671221.0,,,,777.7763615295481,,,777.7763615295481,38109.0,7084247.0,,,2.264556928809468,9.474839033703937,,,-1413.0,-62.08260105448154,-2317330.0,-77.54025278471072,8.0,4.0,,,2.0,,2473.333333333333,19.04312668463612
2021,Lazio,regione,Attività sportiva,471.0,782300.0,1660.934183,16449089.04,16688122.07,1660.9341825902336,34923.755923566874,35431.257048832274,1660.9341825902336,27192.0,8325231.0,175574380.99,183988752.94,1.732127096204766,9.396736258729636,9.368729621741837,9.070185977858175,-392.0,-45.42294322132098,111079.0,16.548796894018516,10.0,5.0,4.0,4.0,1.0,1.0,2473.333333333333,19.04312668463612
2004,Liguria,regione,Attività sportiva,3413.0,587547.0,,,,172.14972165250512,,,172.14972165250512,172421.0,20995869.0,,,1.9794572586865868,2.7983933410900974,,,,,,,11.0,11.0,,,8.0,,2167.0,17.120443008767882
2005,Liguria,regione,Attività sportiva,2836.0,540751.0,,,,190.67383638928067,,,190.67383638928067,142176.0,21604551.0,,,1.994710781003826,2.502949494298678,,,-577.0,-16.90594784646938,-46796.0,-7.964639424590714,10.0,9.0,,,6.0,,2167.0,17.120443008767882
2006,Liguria,regione,Attività sportiva,2448.0,876817.0,,,,358.1768790849673,,,358.1768790849673,141965.0,25377897.0,,,1.7243686824217237,3.455041999737015,,,-388.0,-13.68124118476728,336066.0,62.14801267126644,12.0,9.0,,,6.0,,2167.0,17.120443008767882
2007,Liguria,regione,Attività sportiva,3244.0,1339916.0,,,,413.0443896424168,,,413.0443896424168,199984.0,30890294.0,,,1.6221297703816306,4.337660237225324,,,796.0,32.51633986928104,463099.0,52.8159239613283,15.0,9.0,,,1.0,,2167.0,17.120443008767882
2008,Liguria,regione,Attività sportiva,2459.0,1307941.0,,,,531.8995526636844,,,531.8995526636844,143979.0,28909449.0,,,1.7078879558824551,4.524268172665622,,,-785.0,-24.19852034525277,-31975.0,-2.3863436215404543,11.0,8.0,,,5.0,,2167.0,17.120443008767882
2009,Liguria,regione,Attività sportiva,2477.0,1374971.0,,,,555.0952765442067,,,555.0952765442067,141577.0,29645602.0,,,1.7495779681727963,4.638026915425768,,,18.0,0.732004880032533,67030.0,5.1248489037349465,11.0,8.0,,,6.0,,2167.0,17.120443008767882
2010,Liguria,regione,Attività sportiva,2514.0,1026714.0,,,,408.3985680190931,,,408.3985680190931,141712.0,27924667.0,,,1.7740205487185277,3.676727819171487,,,37.0,1.4937424303593128,-348257.0,-25.32831601539233,11.0,10.0,,,6.0,,2167.0,17.120443008767882
2011,Liguria,regione,Attività sportiva,1958.0,1180050.0,,,,602.6813074565883,,,602.6813074565883,136207.0,28843726.0,,,1.4375178955560288,4.091184335893359,,,-556.0,-22.11614956245028,153336.0,14.934636130412173,12.0,9.0,,,6.0,,2167.0,17.120443008767882
2012,Liguria,regione,Attività sportiva,1802.0,1231756.0,,,,683.5493895671476,,,683.5493895671476,135844.0,28232930.0,,,1.326521598303937,4.362834463160572,,,-156.0,-7.967313585291114,51706.0,4.381678742426165,12.0,8.0,,,5.0,,2167.0,17.120443008767882
2013,Liguria,regione,Attività sportiva,1963.0,1202396.0,,,,612.5298013245033,,,612.5298013245033,141298.0,27183346.0,,,1.3892624099421085,4.423281813798787,,,161.0,8.93451720310765,-29360.0,-2.3835889575532843,12.0,8.0,,,5.0,,2167.0,17.120443008767882
2014,Liguria,regione,Attività sportiva,1953.0,1210962.0,,,,620.0522273425499,,,620.0522273425499,139509.0,28437955.0,,,1.399909683246242,4.258259779931433,,,-10.0,-0.5094243504839557,8566.0,0.7124108862637701,12.0,9.0,,,5.0,,2167.0,17.120443008767882
2015,Liguria,regione,Attività sportiva,2093.0,1292239.0,,,,617.4099378881988,,,617.4099378881988,141193.0,28463782.0,,,1.4823681060675813,4.539941319112127,,,140.0,7.168458781362008,81277.0,6.7117713024851255,12.0,8.0,,,5.0,,2167.0,17.120443008767882
2016,Liguria,regione,Attività sportiva,2121.0,1253620.0,,,,591.051390853371,,,591.051390853371,142570.0,29079594.0,,,1.487690257417409,4.310995538658483,,,28.0,1.3377926421404671,-38619.0,-2.9885338548054974,12.0,9.0,,,5.0,,2167.0,17.120443008767882
2017,Liguria,regione,Attività sportiva,2206.0,1234484.0,,,,559.6029011786038,,,559.6029011786038,140143.0,30707626.0,,,1.5741064484134062,4.020121907177064,,,85.0,4.007543611504016,-19136.0,-1.526459373653899,11.0,9.0,,,6.0,,2167.0,17.120443008767882
2018,Liguria,regione,Attività sportiva,2110.0,1204115.0,,,,570.6706161137441,,,570.6706161137441,134238.0,30580842.0,,,1.5718350988542735,3.9374815121179454,,,-96.0,-4.351767905711701,-30369.0,-2.460056185418358,10.0,8.0,,,6.0,,2167.0,17.120443008767882
2019,Liguria,regione,Attività sportiva,2185.0,1097023.0,,,,502.0700228832952,,,502.0700228832952,130267.0,30905001.0,,,1.6773242647792612,3.5496617521546106,,,75.0,3.5545023696682554,-107092.0,-8.893834891185648,10.0,9.0,,,6.0,,2167.0,17.120443008767882
2020,Liguria,regione,Attività sportiva,766.0,218997.0,,,,285.8968668407311,,,285.8968668407311,38109.0,7084247.0,,,2.0100238788737568,3.091323608564185,,,-1419.0,-64.94279176201373,-878026.0,-80.0371551006679,10.0,12.0,,,8.0,,2167.0,17.120443008767882
2021,Liguria,regione,Attività sportiva,371.0,243915.0,657.4528302,3936967.75,4172855.93,657.4528301886793,10611.772911051214,11247.590107816712,657.4528301886793,27192.0,8325231.0,175574380.99,183988752.94,1.364371874080612,2.9298286137645912,2.2423361129345136,2.26799511563666,-395.0,-51.56657963446476,24918.0,11.3782380580556,14.0,9.0,10.0,10.0,5.0,4.0,2167.0,17.120443008767882
2004,Lombardia,regione,Attività sportiva,38483.0,4138675.0,,,,107.5455395889094,,,107.5455395889094,172421.0,20995869.0,,,22.31920705714501,19.711853793715324,,,,,,,1.0,1.0,,,12.0,,35434.333333333336,17.612861349162298
2005,Lombardia,regione,Attività sportiva,34103.0,5318503.0,,,,155.9541096091253,,,155.9541096091253,142176.0,21604551.0,,,23.98646747693,24.61751230099621,,,-4380.0,-11.381649039835771,1179828.0,28.507384609808707,1.0,1.0,,,8.0,,35434.333333333336,17.612861349162298
2006,Lombardia,regione,Attività sportiva,32833.0,5968157.0,,,,181.77312460024976,,,181.77312460024976,141965.0,25377897.0,,,23.12753143380411,23.51714564843572,,,-1270.0,-3.724012550215528,649654.0,12.214978538133758,1.0,1.0,,,8.0,,35434.333333333336,17.612861349162298
2007,Lombardia,regione,Attività sportiva,36548.0,6200709.0,,,,169.65932472365108,,,169.65932472365108,199984.0,30890294.0,,,18.27546203696296,20.0733246501312,,,3715.0,11.314835683611,232552.0,3.896546287237413,1.0,1.0,,,9.0,,35434.333333333336,17.612861349162298
2008,Lombardia,regione,Attività sportiva,33582.0,6212812.0,,,,185.00422845572032,,,185.00422845572032,143979.0,28909449.0,,,23.32423478423937,21.490592919982667,,,-2966.0,-8.115355149392578,12103.0,0.1951873568006412,1.0,1.0,,,9.0,,35434.333333333336,17.612861349162298
2009,Lombardia,regione,Attività sportiva,34612.0,6227014.0,,,,179.90910666820756,,,179.90910666820756,141577.0,29645602.0,,,24.447473812836837,21.004849218443937,,,1030.0,3.067119290095888,14202.0,0.2285921415294822,1.0,1.0,,,12.0,,35434.333333333336,17.612861349162298
2010,Lombardia,regione,Attività sportiva,33008.0,6044404.0,,,,183.11936500242365,,,183.11936500242365,141712.0,27924667.0,,,23.292311166309133,21.64539330048233,,,-1604.0,-4.634230902577141,-182610.0,-2.9325451974252847,1.0,1.0,,,10.0,,35434.333333333336,17.612861349162298
2011,Lombardia,regione,Attività sportiva,31376.0,6379805.0,,,,203.33391764405917,,,203.33391764405917,136207.0,28843726.0,,,23.03552680846065,22.11851894585325,,,-1632.0,-4.944255937954434,335401.0,5.548950731949742,1.0,1.0,,,10.0,,35434.333333333336,17.612861349162298
2012,Lombardia,regione,Attività sportiva,32645.0,6269399.0,,,,192.0477561648032,,,192.0477561648032,135844.0,28232930.0,,,24.03124171844174,22.205980746596264,,,1269.0,4.044492605813366,-110406.0,-1.7305544605203504,1.0,1.0,,,11.0,,35434.333333333336,17.612861349162298
2013,Lombardia,regione,Attività sportiva,35836.0,5722497.0,,,,159.68570711016855,,,159.68570711016855,141298.0,27183346.0,,,25.362000877577884,21.051481300352066,,,3191.0,9.774850666258228,-546902.0,-8.72335609840752,1.0,1.0,,,12.0,,35434.333333333336,17.612861349162298
2014,Lombardia,regione,Attività sportiva,35967.0,5781141.0,,,,160.73459004087078,,,160.73459004087078,139509.0,28437955.0,,,25.781132400060216,20.32896176957872,,,131.0,0.3655541913159865,58644.0,1.0247973917679731,1.0,1.0,,,12.0,,35434.333333333336,17.612861349162298
2015,Lombardia,regione,Attività sportiva,37102.0,5549070.0,,,,149.56255727454047,,,149.56255727454047,141193.0,28463782.0,,,26.277506675260103,19.495195684115345,,,1135.0,3.1556704757138565,-232071.0,-4.014276766472225,1.0,1.0,,,14.0,,35434.333333333336,17.612861349162298
2016,Lombardia,regione,Attività sportiva,38394.0,5886801.0,,,,153.32606657290202,,,153.32606657290202,142570.0,29079594.0,,,26.929929157606797,20.24375237150835,,,1292.0,3.482292059727232,337731.0,6.086263103547074,1.0,1.0,,,14.0,,35434.333333333336,17.612861349162298
2017,Lombardia,regione,Attività sportiva,36986.0,6323924.0,,,,170.9815605904937,,,170.9815605904937,140143.0,30707626.0,,,26.391614279700025,20.59398535073991,,,-1408.0,-3.667239672865552,437123.0,7.425476077754278,1.0,1.0,,,14.0,,35434.333333333336,17.612861349162298
2018,Lombardia,regione,Attività sportiva,35530.0,6593579.0,,,,185.57779341401636,,,185.57779341401636,134238.0,30580842.0,,,26.46791519539921,21.561142757285754,,,-1456.0,-3.936624668793598,269655.0,4.264045551464557,1.0,1.0,,,14.0,,35434.333333333336,17.612861349162298
2019,Lombardia,regione,Attività sportiva,33787.0,6624160.0,,,,196.05647142392044,,,196.05647142392044,130267.0,30905001.0,,,25.9367299469551,21.433942034171103,,,-1743.0,-4.905713481564877,30581.0,0.4637997057440168,1.0,1.0,,,15.0,,35434.333333333336,17.612861349162298
2020,Lombardia,regione,Attività sportiva,9509.0,1492688.0,,,,156.9763382059102,,,156.9763382059102,38109.0,7084247.0,,,24.95211104988323,21.07052450316879,,,-24278.0,-71.85603930505815,-5131472.0,-77.4660032366368,1.0,1.0,,,12.0,,35434.333333333336,17.612861349162298
2021,Lombardia,regione,Attività sportiva,6241.0,1850192.0,296.457619,57501515.29,59733798.19,296.4576189713187,9213.509900656944,9571.190224323023,296.4576189713187,27192.0,8325231.0,175574380.99,183988752.94,22.951603412768463,22.22391186502813,32.75051574481988,32.46600525059247,-3268.0,-34.36744137133242,357504.0,23.950349972666764,2.0,1.0,1.0,1.0,13.0,7.0,35434.333333333336,17.612861349162298
2004,Marche,regione,Attività sportiva,9212.0,753904.0,,,,81.83933999131567,,,81.83933999131567,172421.0,20995869.0,,,5.342736673607043,3.590725394600242,,,,,,,6.0,9.0,,,17.0,,5646.333333333333,19.14516795560541
2005,Marche,regione,Attività sportiva,6659.0,545667.0,,,,81.94428592881815,,,81.94428592881815,142176.0,21604551.0,,,4.683631555255459,2.5257039593185717,,,-2553.0,-27.713851498046026,-208237.0,-27.621156009253166,6.0,8.0,,,17.0,,5646.333333333333,19.14516795560541
2006,Marche,regione,Attività sportiva,6916.0,663097.0,,,,95.87868710237132,,,95.87868710237132,141965.0,25377897.0,,,4.87162328743,2.612891840486231,,,257.0,3.859438354107225,117430.0,21.52045111762302,6.0,11.0,,,18.0,,5646.333333333333,19.14516795560541
2007,Marche,regione,Attività sportiva,8152.0,802173.0,,,,98.4019872423945,,,98.4019872423945,199984.0,30890294.0,,,4.076326106088487,2.596844821224427,,,1236.0,17.87160208212839,139076.0,20.9737036964426,8.0,11.0,,,16.0,,5646.333333333333,19.14516795560541
2008,Marche,regione,Attività sportiva,6656.0,781012.0,,,,117.33954326923076,,,117.33954326923076,143979.0,28909449.0,,,4.622896394613103,2.701580372562618,,,-1496.0,-18.351324828263003,-21161.0,-2.6379596421220897,6.0,12.0,,,17.0,,5646.333333333333,19.14516795560541
2009,Marche,regione,Attività sportiva,6319.0,907959.0,,,,143.68713404019624,,,143.68713404019624,141577.0,29645602.0,,,4.463295591798103,3.062710617244339,,,-337.0,-5.063100961538458,126947.0,16.254167669638875,6.0,11.0,,,16.0,,5646.333333333333,19.14516795560541
2010,Marche,regione,Attività sportiva,6641.0,836148.0,,,,125.90694172564372,,,125.90694172564372,141712.0,27924667.0,,,4.686265101050017,2.9942989114247984,,,322.0,5.095742997309705,-71811.0,-7.909057567577394,6.0,11.0,,,15.0,,5646.333333333333,19.14516795560541
2011,Marche,regione,Attività sportiva,6076.0,779574.0,,,,128.30381830151416,,,128.30381830151416,136207.0,28843726.0,,,4.4608573715007305,2.702750677911723,,,-565.0,-8.507754856196359,-56574.0,-6.766027066978575,6.0,11.0,,,15.0,,5646.333333333333,19.14516795560541
2012,Marche,regione,Attività sportiva,6430.0,751473.0,,,,116.86982892690511,,,116.86982892690511,135844.0,28232930.0,,,4.733370631017932,2.6616897360635257,,,354.0,5.8262014483212665,-28101.0,-3.604661007165455,6.0,12.0,,,17.0,,5646.333333333333,19.14516795560541
2013,Marche,regione,Attività sportiva,6236.0,607858.0,,,,97.475625400898,,,97.475625400898,141298.0,27183346.0,,,4.413367492816601,2.2361412020433398,,,-194.0,-3.0171073094867773,-143615.0,-19.111132402627906,6.0,11.0,,,18.0,,5646.333333333333,19.14516795560541
2014,Marche,regione,Attività sportiva,5844.0,691518.0,,,,118.32956878850102,,,118.32956878850102,139509.0,28437955.0,,,4.188977055243748,2.431672741587783,,,-392.0,-6.28608082103913,83660.0,13.763082825265103,6.0,11.0,,,16.0,,5646.333333333333,19.14516795560541
2015,Marche,regione,Attività sportiva,6046.0,757893.0,,,,125.35444922262651,,,125.35444922262651,141193.0,28463782.0,,,4.282081972902339,2.662657407929838,,,202.0,3.456536618754269,66375.0,9.59844863040442,6.0,11.0,,,16.0,,5646.333333333333,19.14516795560541
2016,Marche,regione,Attività sportiva,6129.0,829608.0,,,,135.3578071463534,,,135.3578071463534,142570.0,29079594.0,,,4.2989408711510135,2.8528871482868707,,,83.0,1.3728084684088593,71715.0,9.462417518040157,6.0,11.0,,,16.0,,5646.333333333333,19.14516795560541
2017,Marche,regione,Attività sportiva,5828.0,804208.0,,,,137.990391214825,,,137.990391214825,140143.0,30707626.0,,,4.158609420377757,2.6189194827369597,,,-301.0,-4.91107847936042,-25400.0,-3.061686965410171,6.0,11.0,,,17.0,,5646.333333333333,19.14516795560541
2018,Marche,regione,Attività sportiva,5457.0,828742.0,,,,151.86769287154115,,,151.86769287154115,134238.0,30580842.0,,,4.065167836231171,2.7100038645109903,,,-371.0,-6.365820178448867,24534.0,3.0507033006386357,6.0,11.0,,,17.0,,5646.333333333333,19.14516795560541
2019,Marche,regione,Attività sportiva,5654.0,883188.0,,,,156.2058719490626,,,156.2058719490626,130267.0,30905001.0,,,4.340316427030637,2.8577510804804698,,,197.0,3.610042147700199,54446.0,6.569716510083956,6.0,11.0,,,17.0,,5646.333333333333,19.14516795560541
2020,Marche,regione,Attività sportiva,2162.0,221314.0,,,,102.3654024051804,,,102.3654024051804,38109.0,7084247.0,,,5.6732005562990375,3.124029978062594,,,-3492.0,-61.76158471878317,-661874.0,-74.9414620669665,6.0,11.0,,,18.0,,5646.333333333333,19.14516795560541
2021,Marche,regione,Attività sportiva,1081.0,199983.0,184.9981499,2100860.2,2404432.45,184.9981498612396,1943.4414431082328,2224.26683626272,184.9981498612396,27192.0,8325231.0,175574380.99,183988752.94,3.975433951162106,2.4021315444580456,1.1965642072345717,1.3068366471205457,-1081.0,-50.0,-21331.0,-9.638341903359027,6.0,11.0,13.0,12.0,18.0,17.0,5646.333333333333,19.14516795560541
2004,Molise,regione,Attività sportiva,505.0,44556.0,,,,88.22970297029703,,,88.22970297029703,172421.0,20995869.0,,,0.2928877572917452,0.2122131739343582,,,,,,,19.0,19.0,,,15.0,,259.6666666666667,30.038510911424904
2005,Molise,regione,Attività sportiva,528.0,39289.0,,,,74.41098484848484,,,74.41098484848484,142176.0,21604551.0,,,0.3713706954760297,0.1818552026376294,,,23.0,4.554455445544559,-5267.0,-11.82107909148038,19.0,19.0,,,19.0,,259.6666666666667,30.038510911424904
2006,Molise,regione,Attività sportiva,455.0,65713.0,,,,144.42417582417582,,,144.42417582417582,141965.0,25377897.0,,,0.3205015320677631,0.2589379253923207,,,-73.0,-13.82575757575758,26424.0,67.25546590648781,19.0,19.0,,,13.0,,259.6666666666667,30.038510911424904
2007,Molise,regione,Attività sportiva,837.0,65721.0,,,,78.51971326164875,,,78.51971326164875,199984.0,30890294.0,,,0.4185334826786143,0.2127561492292692,,,382.0,83.95604395604394,8.0,0.0121741512334017,18.0,19.0,,,18.0,,259.6666666666667,30.038510911424904
2008,Molise,regione,Attività sportiva,485.0,51379.0,,,,105.9360824742268,,,105.9360824742268,143979.0,28909449.0,,,0.3368546801964175,0.1777238991998775,,,-352.0,-42.05495818399044,-14342.0,-21.822552913071924,19.0,19.0,,,18.0,,259.6666666666667,30.038510911424904
2009,Molise,regione,Attività sportiva,447.0,56071.0,,,,125.43847874720358,,,125.43847874720358,141577.0,29645602.0,,,0.3157292498075252,0.1891376670306779,,,-38.0,-7.8350515463917585,4692.0,9.13213569746394,19.0,19.0,,,18.0,,259.6666666666667,30.038510911424904
2010,Molise,regione,Attività sportiva,712.0,60677.0,,,,85.22050561797752,,,85.22050561797752,141712.0,27924667.0,,,0.5024274585073952,0.2172881775098696,,,265.0,59.2841163310962,4606.0,8.214585079631176,18.0,19.0,,,18.0,,259.6666666666667,30.038510911424904
2011,Molise,regione,Attività sportiva,568.0,43189.0,,,,76.03697183098592,,,76.03697183098592,136207.0,28843726.0,,,0.417012341509614,0.1497344691181714,,,-144.0,-20.2247191011236,-17488.0,-28.82146447583104,17.0,19.0,,,19.0,,259.6666666666667,30.038510911424904
2012,Molise,regione,Attività sportiva,403.0,30498.0,,,,75.6774193548387,,,75.6774193548387,135844.0,28232930.0,,,0.2966638202644209,0.1080227946585777,,,-165.0,-29.049295774647888,-12691.0,-29.384797054805624,19.0,20.0,,,20.0,,259.6666666666667,30.038510911424904
2013,Molise,regione,Attività sportiva,397.0,25106.0,,,,63.23929471032746,,,63.23929471032746,141298.0,27183346.0,,,0.2809664680321024,0.0923580195020877,,,-6.0,-1.488833746898266,-5392.0,-17.679847858875995,19.0,20.0,,,20.0,,259.6666666666667,30.038510911424904
2014,Molise,regione,Attività sportiva,383.0,26260.0,,,,68.56396866840731,,,68.56396866840731,139509.0,28437955.0,,,0.2745342594384591,0.0923413796807822,,,-14.0,-3.5264483627204024,1154.0,4.596510794232445,19.0,19.0,,,19.0,,259.6666666666667,30.038510911424904
2015,Molise,regione,Attività sportiva,352.0,32006.0,,,,90.92613636363636,,,90.92613636363636,141193.0,28463782.0,,,0.2493041439731431,0.1124446498360618,,,-31.0,-8.09399477806788,5746.0,21.88118811881188,19.0,19.0,,,19.0,,259.6666666666667,30.038510911424904
2016,Molise,regione,Attività sportiva,331.0,23276.0,,,,70.3202416918429,,,70.3202416918429,142570.0,29079594.0,,,0.2321666549765027,0.0800423829851269,,,-21.0,-5.9659090909090935,-8730.0,-27.276135724551644,20.0,19.0,,,19.0,,259.6666666666667,30.038510911424904
2017,Molise,regione,Attività sportiva,321.0,19236.0,,,,59.925233644859816,,,59.925233644859816,140143.0,30707626.0,,,0.2290517542795573,0.0626424198340829,,,-10.0,-3.021148036253773,-4040.0,-17.35693418113078,20.0,19.0,,,19.0,,259.6666666666667,30.038510911424904
2018,Molise,regione,Attività sportiva,237.0,20302.0,,,,85.66244725738396,,,85.66244725738396,134238.0,30580842.0,,,0.1765520940419255,0.0663879693044423,,,-84.0,-26.16822429906542,1066.0,5.5416926595965865,20.0,20.0,,,19.0,,259.6666666666667,30.038510911424904
2019,Molise,regione,Attività sportiva,221.0,23007.0,,,,104.10407239819004,,,104.10407239819004,130267.0,30905001.0,,,0.1696515617923188,0.0744442622732806,,,-16.0,-6.751054852320671,2705.0,13.323810462023443,20.0,19.0,,,19.0,,259.6666666666667,30.038510911424904
2020,Molise,regione,Attività sportiva,92.0,11324.0,,,,123.08695652173913,,,123.08695652173913,38109.0,7084247.0,,,0.2414127896297462,0.1598476168321065,,,-129.0,-58.37104072398189,-11683.0,-50.78019733124701,19.0,19.0,,,17.0,,259.6666666666667,30.038510911424904
2021,Molise,regione,Attività sportiva,78.0,25554.0,327.6153846,412064.5,432598.5,327.61538461538464,5282.878205128205,5546.134615384615,327.61538461538464,27192.0,8325231.0,175574380.99,183988752.94,0.2868490732568403,0.3069464378826245,0.2346951176342005,0.2351222523591283,-14.0,-15.217391304347828,14230.0,125.66231013776051,20.0,19.0,19.0,19.0,10.0,9.0,259.6666666666667,30.038510911424904
2004,Piemonte,regione,Attività sportiva,18356.0,2322344.0,,,,126.5168882109392,,,126.5168882109392,172421.0,20995869.0,,,10.646034995737178,11.0609568005973,,,,,,,4.0,3.0,,,9.0,,17918.666666666668,20.69908475332986
2005,Piemonte,regione,Attività sportiva,16671.0,2535668.0,,,,152.10053386119608,,,152.10053386119608,142176.0,21604551.0,,,11.725607697501689,11.736730839719836,,,-1685.0,-9.179559816953589,213324.0,9.185719256061976,3.0,3.0,,,9.0,,17918.666666666668,20.69908475332986
2006,Piemonte,regione,Attività sportiva,16991.0,2837157.0,,,,166.9799894061562,,,166.9799894061562,141965.0,25377897.0,,,11.968442926073328,11.179637934538071,,,320.0,1.9195009297582557,301489.0,11.889924075233814,3.0,3.0,,,10.0,,17918.666666666668,20.69908475332986
2007,Piemonte,regione,Attività sportiva,22915.0,2792180.0,,,,121.84944359589788,,,121.84944359589788,199984.0,30890294.0,,,11.458416673333868,9.03902047678795,,,5924.0,34.8655170384321,-44977.0,-1.5852841418363517,3.0,5.0,,,12.0,,17918.666666666668,20.69908475332986
2008,Piemonte,regione,Attività sportiva,16164.0,2354806.0,,,,145.68213313536253,,,145.68213313536253,143979.0,28909449.0,,,11.226637217927614,8.145454449858246,,,-6751.0,-29.461051712851848,-437374.0,-15.664248006933644,3.0,5.0,,,13.0,,17918.666666666668,20.69908475332986
2009,Piemonte,regione,Attività sportiva,17729.0,2548424.0,,,,143.74324552992272,,,143.74324552992272,141577.0,29645602.0,,,12.522514250196007,8.596297015658513,,,1565.0,9.682009403612968,193618.0,8.222248456985426,3.0,5.0,,,15.0,,17918.666666666668,20.69908475332986
2010,Piemonte,regione,Attività sportiva,16749.0,2354510.0,,,,140.57615380022688,,,140.57615380022688,141712.0,27924667.0,,,11.819041436152196,8.431649337125489,,,-980.0,-5.527666535055554,-193914.0,-7.609173355768117,3.0,5.0,,,13.0,,17918.666666666668,20.69908475332986
2011,Piemonte,regione,Attività sportiva,17036.0,2665066.0,,,,156.4373092275182,,,156.4373092275182,136207.0,28843726.0,,,12.507433538658072,9.239673126835278,,,287.0,1.7135351364260476,310556.0,13.189835677062312,3.0,4.0,,,13.0,,17918.666666666668,20.69908475332986
2012,Piemonte,regione,Attività sportiva,16363.0,2942742.0,,,,179.84122715883396,,,179.84122715883396,135844.0,28232930.0,,,12.045434468949678,10.423083966134582,,,-673.0,-3.950457853956324,277676.0,10.419104067216356,3.0,3.0,,,12.0,,17918.666666666668,20.69908475332986
2013,Piemonte,regione,Attività sportiva,18581.0,3002435.0,,,,161.5862978311178,,,161.5862978311178,141298.0,27183346.0,,,13.150221517643562,11.045126674251213,,,2218.0,13.554971582228204,59693.0,2.0284822794522928,3.0,3.0,,,11.0,,17918.666666666668,20.69908475332986
2014,Piemonte,regione,Attività sportiva,17669.0,2820589.0,,,,159.63489727771804,,,159.63489727771804,139509.0,28437955.0,,,12.66513271545205,9.91839603093823,,,-912.0,-4.90823959959098,-181846.0,-6.056617378894136,3.0,4.0,,,13.0,,17918.666666666668,20.69908475332986
2015,Piemonte,regione,Attività sportiva,18045.0,2931393.0,,,,162.44904405652537,,,162.44904405652537,141193.0,28463782.0,,,12.78037863066866,10.298677104820436,,,376.0,2.128020827437882,110804.0,3.928399352050227,3.0,3.0,,,13.0,,17918.666666666668,20.69908475332986
2016,Piemonte,regione,Attività sportiva,18580.0,3113070.0,,,,167.54951560818083,,,167.54951560818083,142570.0,29079594.0,,,13.032194711369854,10.705342034692782,,,535.0,2.964810196730405,181677.0,6.197633684736226,3.0,3.0,,,13.0,,17918.666666666668,20.69908475332986
2017,Piemonte,regione,Attività sportiva,18267.0,3096605.0,,,,169.51907811901242,,,169.51907811901242,140143.0,30707626.0,,,13.034543287927333,10.084156293944703,,,-313.0,-1.6846071044133493,-16465.0,-0.5288991253007524,3.0,4.0,,,15.0,,17918.666666666668,20.69908475332986
2018,Piemonte,regione,Attività sportiva,19282.0,3193030.0,,,,165.59641116066797,,,165.59641116066797,134238.0,30580842.0,,,14.364039988676828,10.441275619552922,,,1015.0,5.556467947665178,96425.0,3.113894087234237,3.0,4.0,,,15.0,,17918.666666666668,20.69908475332986
2019,Piemonte,regione,Attività sportiva,16207.0,2857536.0,,,,176.31492564941075,,,176.31492564941075,130267.0,30905001.0,,,12.441370416145302,9.246192873444658,,,-3075.0,-15.947515817861213,-335494.0,-10.507073218854824,3.0,5.0,,,16.0,,17918.666666666668,20.69908475332986
2020,Piemonte,regione,Attività sportiva,4087.0,640681.0,,,,156.76070467335452,,,156.76070467335452,38109.0,7084247.0,,,10.724500774095358,9.043741699011909,,,-12120.0,-74.782501388289,-2216855.0,-77.57925009518691,3.0,5.0,,,13.0,,17918.666666666668,20.69908475332986
2021,Piemonte,regione,Attività sportiva,3709.0,910143.0,245.3877056,27788130.23,29210005.99,245.38770558101916,7492.081485575627,7875.439738473981,245.38770558101916,27192.0,8325231.0,175574380.99,183988752.94,13.640041188584878,10.932345300688954,15.826984593830176,15.87597367950289,-378.0,-9.248837778321503,269462.0,42.058684431097525,3.0,2.0,2.0,2.0,15.0,8.0,17918.666666666668,20.69908475332986
2004,Puglia,regione,Attività sportiva,2910.0,619936.0,,,,213.0364261168385,,,213.0364261168385,172421.0,20995869.0,,,1.6877294529088684,2.952657020292897,,,,,,,14.0,10.0,,,5.0,,1703.3333333333333,24.36399217221135
2005,Puglia,regione,Attività sportiva,2136.0,538920.0,,,,252.3033707865169,,,252.3033707865169,142176.0,21604551.0,,,1.5023632680621202,2.494474428096192,,,-774.0,-26.597938144329905,-81016.0,-13.068445775047744,14.0,10.0,,,5.0,,1703.3333333333333,24.36399217221135
2006,Puglia,regione,Attività sportiva,2162.0,895128.0,,,,414.0277520814061,,,414.0277520814061,141965.0,25377897.0,,,1.5229105765505582,3.527195338526277,,,26.0,1.217228464419473,356208.0,66.09663771988421,13.0,8.0,,,4.0,,1703.3333333333333,24.36399217221135
2007,Puglia,regione,Attività sportiva,5653.0,1127088.0,,,,199.37873695382984,,,199.37873695382984,199984.0,30890294.0,,,2.826726138091048,3.648680067596637,,,3491.0,161.47086031452358,231960.0,25.9136123548811,10.0,10.0,,,7.0,,1703.3333333333333,24.36399217221135
2008,Puglia,regione,Attività sportiva,2317.0,1138529.0,,,,491.380664652568,,,491.380664652568,143979.0,28909449.0,,,1.609262461886803,3.93825907923738,,,-3336.0,-59.01291349725809,11441.0,1.0150937637522617,12.0,10.0,,,6.0,,1703.3333333333333,24.36399217221135
2009,Puglia,regione,Attività sportiva,1856.0,1301168.0,,,,701.0603448275862,,,701.0603448275862,141577.0,29645602.0,,,1.310947399648248,4.389075991777802,,,-461.0,-19.89641778161415,162639.0,14.285011624648993,14.0,9.0,,,3.0,,1703.3333333333333,24.36399217221135
2010,Puglia,regione,Attività sportiva,2120.0,1407686.0,,,,664.0028301886792,,,664.0028301886792,141712.0,27924667.0,,,1.4959918708366264,5.041012664537773,,,264.0,14.224137931034477,106518.0,8.186337198578508,13.0,8.0,,,4.0,,1703.3333333333333,24.36399217221135
2011,Puglia,regione,Attività sportiva,1597.0,1177815.0,,,,737.5172197871008,,,737.5172197871008,136207.0,28843726.0,,,1.1724801221669958,4.083435683725465,,,-523.0,-24.66981132075472,-229871.0,-16.329707051146347,13.0,10.0,,,4.0,,1703.3333333333333,24.36399217221135
2012,Puglia,regione,Attività sportiva,1604.0,931989.0,,,,581.040523690773,,,581.040523690773,135844.0,28232930.0,,,1.1807661729631047,3.301070770904756,,,7.0,0.4383218534752764,-245826.0,-20.87135925421225,13.0,10.0,,,6.0,,1703.3333333333333,24.36399217221135
2013,Puglia,regione,Attività sportiva,1804.0,656764.0,,,,364.059866962306,,,364.059866962306,141298.0,27183346.0,,,1.2767342779091,2.416052828816585,,,200.0,12.468827930174564,-275225.0,-29.530927940136632,13.0,10.0,,,6.0,,1703.3333333333333,24.36399217221135
2014,Puglia,regione,Attività sportiva,1801.0,1288231.0,,,,715.2865074958356,,,715.2865074958356,139509.0,28437955.0,,,1.290956139030457,4.529970597393518,,,-3.0,-0.1662971175166339,631467.0,96.14823589599916,13.0,8.0,,,4.0,,1703.3333333333333,24.36399217221135
2015,Puglia,regione,Attività sportiva,1726.0,1108952.0,,,,642.4982618771727,,,642.4982618771727,141193.0,28463782.0,,,1.222440205959219,3.896010726894971,,,-75.0,-4.164353137146026,-179279.0,-13.91668109213332,13.0,10.0,,,4.0,,1703.3333333333333,24.36399217221135
2016,Puglia,regione,Attività sportiva,1845.0,1345647.0,,,,729.3479674796748,,,729.3479674796748,142570.0,29079594.0,,,1.2941011432980292,4.627461442549714,,,119.0,6.894553881807641,236695.0,21.34402571076115,13.0,8.0,,,3.0,,1703.3333333333333,24.36399217221135
2017,Puglia,regione,Attività sportiva,1839.0,1265752.0,,,,688.2827623708537,,,688.2827623708537,140143.0,30707626.0,,,1.3122310782557816,4.121946776347999,,,-6.0,-0.3252032520325243,-79895.0,-5.9372926183464125,13.0,8.0,,,3.0,,1703.3333333333333,24.36399217221135
2018,Puglia,regione,Attività sportiva,1595.0,1124567.0,,,,705.0576802507837,,,705.0576802507837,134238.0,30580842.0,,,1.188188143446714,3.677357870002402,,,-244.0,-13.268080478520938,-141185.0,-11.15423874503062,14.0,9.0,,,3.0,,1703.3333333333333,24.36399217221135
2019,Puglia,regione,Attività sportiva,1676.0,1244510.0,,,,742.5477326968974,,,742.5477326968974,130267.0,30905001.0,,,1.2865883147688977,4.026888722637478,,,81.0,5.078369905956115,119943.0,10.665705111389537,13.0,8.0,,,4.0,,1703.3333333333333,24.36399217221135
2020,Puglia,regione,Attività sportiva,484.0,322111.0,,,,665.5185950413223,,,665.5185950413223,38109.0,7084247.0,,,1.270041197617361,4.546862919940539,,,-1192.0,-71.1217183770883,-922399.0,-74.1174438132277,14.0,8.0,,,4.0,,1703.3333333333333,24.36399217221135
2021,Puglia,regione,Attività sportiva,415.0,353713.0,852.3204819,4044505.94,4247766.11,852.3204819277108,9745.797445783131,10235.580987951807,852.3204819277108,27192.0,8325231.0,175574380.99,183988752.94,1.5261841718152398,4.248686913312075,2.303585475964377,2.308709658674205,-69.0,-14.25619834710744,31602.0,9.810903694689088,12.0,8.0,8.0,9.0,4.0,6.0,1703.3333333333333,24.36399217221135
2004,Sardegna,regione,Attività sportiva,3104.0,544452.0,,,,175.40335051546393,,,175.40335051546393,172421.0,20995869.0,,,1.8002447497694596,2.59313867885154,,,,,,,13.0,12.0,,,7.0,,1410.0,31.773049645390078
2005,Sardegna,regione,Attività sportiva,2441.0,450189.0,,,,184.42810323637852,,,184.42810323637852,142176.0,21604551.0,,,1.7168861129867208,2.083769294719432,,,-663.0,-21.35953608247423,-94263.0,-17.313371977695002,13.0,13.0,,,7.0,,1410.0,31.773049645390078
2006,Sardegna,regione,Attività sportiva,2002.0,457728.0,,,,228.63536463536465,,,228.63536463536465,141965.0,25377897.0,,,1.410206741098158,1.8036482692005569,,,-439.0,-17.984432609586232,7539.0,1.6746299887380631,15.0,13.0,,,7.0,,1410.0,31.773049645390078
2007,Sardegna,regione,Attività sportiva,3377.0,566094.0,,,,167.63221794492154,,,167.63221794492154,199984.0,30890294.0,,,1.6886350908072647,1.8325950539674367,,,1375.0,68.68131868131869,108366.0,23.674758808724828,14.0,14.0,,,10.0,,1410.0,31.773049645390078
2008,Sardegna,regione,Attività sportiva,1559.0,623628.0,,,,400.01796023091725,,,400.01796023091725,143979.0,28909449.0,,,1.0827967967550822,2.1571770530804653,,,-1818.0,-53.834764583950246,57534.0,10.163329765021366,15.0,13.0,,,7.0,,1410.0,31.773049645390078
2009,Sardegna,regione,Attività sportiva,1499.0,525195.0,,,,350.3635757171448,,,350.3635757171448,141577.0,29645602.0,,,1.0587877974529762,1.7715781248092044,,,-60.0,-3.848620910840284,-98433.0,-15.783928880678866,16.0,14.0,,,7.0,,1410.0,31.773049645390078
2010,Sardegna,regione,Attività sportiva,1265.0,493226.0,,,,389.901976284585,,,389.901976284585,141712.0,27924667.0,,,0.8926555267020436,1.7662735244076502,,,-234.0,-15.610406937958643,-31969.0,-6.087072420719919,15.0,14.0,,,7.0,,1410.0,31.773049645390078
2011,Sardegna,regione,Attività sportiva,1366.0,462051.0,,,,338.2510980966325,,,338.2510980966325,136207.0,28843726.0,,,1.0028853142643184,1.6019116254259245,,,101.0,7.984189723320156,-31175.0,-6.32063192126936,15.0,15.0,,,7.0,,1410.0,31.773049645390078
2012,Sardegna,regione,Attività sportiva,1310.0,311713.0,,,,237.94885496183207,,,237.94885496183207,135844.0,28232930.0,,,0.9643414504873236,1.10407598502883,,,-56.0,-4.099560761346998,-150338.0,-32.53710088280298,15.0,17.0,,,8.0,,1410.0,31.773049645390078
2013,Sardegna,regione,Attività sportiva,1127.0,291443.0,,,,258.60070984915706,,,258.60070984915706,141298.0,27183346.0,,,0.7976050616427692,1.0721380657112631,,,-183.0,-13.969465648854962,-20270.0,-6.502776592570725,15.0,17.0,,,7.0,,1410.0,31.773049645390078
2014,Sardegna,regione,Attività sportiva,1249.0,416820.0,,,,333.7229783827062,,,333.7229783827062,139509.0,28437955.0,,,0.8952827416152362,1.4657172078653335,,,122.0,10.825199645075422,125377.0,43.01938972629296,15.0,16.0,,,7.0,,1410.0,31.773049645390078
2015,Sardegna,regione,Attività sportiva,1180.0,381234.0,,,,323.0796610169492,,,323.0796610169492,141193.0,28463782.0,,,0.8357354826372412,1.3393652326314192,,,-69.0,-5.5244195356285,-35586.0,-8.537498200662153,16.0,16.0,,,7.0,,1410.0,31.773049645390078
2016,Sardegna,regione,Attività sportiva,1374.0,459334.0,,,,334.3042212518195,,,334.3042212518195,142570.0,29079594.0,,,0.9637371115943044,1.579575010572706,,,194.0,16.440677966101692,78100.0,20.486105646400897,16.0,15.0,,,7.0,,1410.0,31.773049645390078
2017,Sardegna,regione,Attività sportiva,1368.0,504363.0,,,,368.686403508772,,,368.686403508772,140143.0,30707626.0,,,0.976145793939048,1.642468225970969,,,-6.0,-0.4366812227074246,45029.0,9.803106236420556,15.0,15.0,,,7.0,,1410.0,31.773049645390078
2018,Sardegna,regione,Attività sportiva,1449.0,570164.0,,,,393.487922705314,,,393.487922705314,134238.0,30580842.0,,,1.079426093952532,1.8644483366416136,,,81.0,5.921052631578938,65801.0,13.046357484589466,15.0,14.0,,,7.0,,1410.0,31.773049645390078
2019,Sardegna,regione,Attività sportiva,1413.0,622499.0,,,,440.5513092710545,,,440.5513092710545,130267.0,30905001.0,,,1.0846952796947806,2.014233877552698,,,-36.0,-2.4844720496894457,52335.0,9.178937989771365,15.0,14.0,,,7.0,,1410.0,31.773049645390078
2020,Sardegna,regione,Attività sportiva,345.0,117858.0,,,,341.61739130434785,,,341.61739130434785,38109.0,7084247.0,,,0.9052979611115484,1.6636630540973516,,,-1068.0,-75.58386411889597,-504641.0,-81.06695753728118,16.0,16.0,,,6.0,,1410.0,31.773049645390078
2021,Sardegna,regione,Attività sportiva,448.0,176343.0,393.6227679,2239073.46,2291033.24,393.6227678571428,4997.931830357143,5113.913482142858,393.6227678571428,27192.0,8325231.0,175574380.99,183988752.94,1.6475433951162106,2.118175459635895,1.2752848378987185,1.2452028743013015,103.0,29.855072463768103,58485.0,49.62327546708751,11.0,12.0,12.0,13.0,8.0,10.0,1410.0,31.773049645390078
2004,Sicilia,regione,Attività sportiva,2377.0,790446.0,,,,332.5393352965924,,,332.5393352965924,172421.0,20995869.0,,,1.3786023744207492,3.764769155303836,,,,,,,15.0,8.0,,,3.0,,1376.6666666666667,26.0048426150121
2005,Sicilia,regione,Attività sportiva,1633.0,504716.0,,,,309.0728720146969,,,309.0728720146969,142176.0,21604551.0,,,1.1485764123340083,2.336155933071694,,,-744.0,-31.29995793016407,-285730.0,-36.14794685531966,16.0,12.0,,,3.0,,1376.6666666666667,26.0048426150121
2006,Sicilia,regione,Attività sportiva,1253.0,796321.0,,,,635.5315243415802,,,635.5315243415802,141965.0,25377897.0,,,0.8826119113866094,3.1378525966907342,,,-380.0,-23.270055113288425,291605.0,57.77605623756728,16.0,10.0,,,2.0,,1376.6666666666667,26.0048426150121
2007,Sicilia,regione,Attività sportiva,4517.0,1409285.0,,,,311.99579366836394,,,311.99579366836394,199984.0,30890294.0,,,2.258680694455556,4.56222592119065,,,3264.0,260.4948124501197,612964.0,76.97448641942131,13.0,8.0,,,3.0,,1376.6666666666667,26.0048426150121
2008,Sicilia,regione,Attività sportiva,1500.0,1275790.0,,,,850.5266666666666,,,850.5266666666666,143979.0,28909449.0,,,1.0418185985456212,4.4130553992917685,,,-3017.0,-66.79211866282931,-133495.0,-9.47253394451797,16.0,9.0,,,1.0,,1376.6666666666667,26.0048426150121
2009,Sicilia,regione,Attività sportiva,1510.0,1055957.0,,,,699.3092715231788,,,699.3092715231788,141577.0,29645602.0,,,1.0665574210500293,3.5619347517382174,,,10.0,0.6666666666666599,-219833.0,-17.23112737989795,15.0,10.0,,,4.0,,1376.6666666666667,26.0048426150121
2010,Sicilia,regione,Attività sportiva,1244.0,1271440.0,,,,1022.0578778135048,,,1022.0578778135048,141712.0,27924667.0,,,0.8778367393022467,4.553107114938918,,,-266.0,-17.615894039735103,215483.0,20.40641806437193,16.0,9.0,,,1.0,,1376.6666666666667,26.0048426150121
2011,Sicilia,regione,Attività sportiva,1343.0,1185046.0,,,,882.3871928518242,,,882.3871928518242,136207.0,28843726.0,,,0.9859992511398092,4.108505260381409,,,99.0,7.958199356913176,-86394.0,-6.794972629459506,16.0,8.0,,,3.0,,1376.6666666666667,26.0048426150121
2012,Sicilia,regione,Attività sportiva,1117.0,1105151.0,,,,989.3921217547,,,989.3921217547,135844.0,28232930.0,,,0.8222667177056034,3.914404208135677,,,-226.0,-16.827997021593443,-79895.0,-6.7419323806839575,16.0,9.0,,,3.0,,1376.6666666666667,26.0048426150121
2013,Sicilia,regione,Attività sportiva,1119.0,978644.0,,,,874.5701519213584,,,874.5701519213584,141298.0,27183346.0,,,0.791943268836077,3.600160186314076,,,2.0,0.1790510295434089,-126507.0,-11.447033029875552,16.0,9.0,,,3.0,,1376.6666666666667,26.0048426150121
2014,Sicilia,regione,Attività sportiva,1196.0,1106399.0,,,,925.0827759197324,,,925.0827759197324,139509.0,28437955.0,,,0.8572923610663111,3.890571597008294,,,77.0,6.881143878462903,127755.0,13.054287360878924,16.0,10.0,,,3.0,,1376.6666666666667,26.0048426150121
2015,Sicilia,regione,Attività sportiva,1392.0,1123856.0,,,,807.3678160919541,,,807.3678160919541,141193.0,28463782.0,,,0.9858845693483388,3.9483720048165063,,,196.0,16.387959866220726,17457.0,1.577821382701905,15.0,9.0,,,3.0,,1376.6666666666667,26.0048426150121
2016,Sicilia,regione,Attività sportiva,1504.0,993754.0,,,,660.7406914893617,,,660.7406914893617,142570.0,29079594.0,,,1.0549203899838675,3.4173585779773954,,,112.0,8.045977011494255,-130102.0,-11.576394128785184,15.0,10.0,,,4.0,,1376.6666666666667,26.0048426150121
2017,Sicilia,regione,Attività sportiva,1340.0,841801.0,,,,628.2097014925373,,,628.2097014925373,140143.0,30707626.0,,,0.9561662016654418,2.7413418412742163,,,-164.0,-10.904255319148938,-151953.0,-15.29080637662842,16.0,10.0,,,5.0,,1376.6666666666667,26.0048426150121
2018,Sicilia,regione,Attività sportiva,1394.0,804979.0,,,,577.4598278335725,,,577.4598278335725,134238.0,30580842.0,,,1.0384540890060936,2.632298352020523,,,54.0,4.029850746268648,-36822.0,-4.37419295059046,16.0,12.0,,,5.0,,1376.6666666666667,26.0048426150121
2019,Sicilia,regione,Attività sportiva,1396.0,832913.0,,,,596.6425501432665,,,596.6425501432665,130267.0,30905001.0,,,1.07164515955691,2.6950751433400697,,,2.0,0.1434720229555264,27934.0,3.470152637522217,16.0,12.0,,,5.0,,1376.6666666666667,26.0048426150121
2020,Sicilia,regione,Attività sportiva,389.0,208135.0,,,,535.0514138817481,,,535.0514138817481,38109.0,7084247.0,,,1.0207562518040358,2.937997503474964,,,-1007.0,-72.13467048710602,-624778.0,-75.01119564708438,15.0,13.0,,,5.0,,1376.6666666666667,26.0048426150121
2021,Sicilia,regione,Attività sportiva,358.0,160748.0,449.0167598,1615599.15,1742241.13,449.01675977653633,4512.846787709497,4866.59533519553,449.01675977653633,27192.0,8325231.0,175574380.99,183988752.94,1.316563695204472,1.9308533300757664,0.9201793227976796,0.9469280606343132,-31.0,-7.969151670951158,-47387.0,-22.767434597737047,15.0,14.0,15.0,15.0,7.0,13.0,1376.6666666666667,26.0048426150121
2004,Toscana,regione,Attività sportiva,30482.0,2649024.0,,,,86.90453382323994,,,86.90453382323994,172421.0,20995869.0,,,17.678821025281145,12.616881920915011,,,,,,,2.0,2.0,,,16.0,,30617.0,23.666590456282457
2005,Toscana,regione,Attività sportiva,25209.0,2438012.0,,,,96.7119679479551,,,96.7119679479551,142176.0,21604551.0,,,17.73084064821067,11.28471496584215,,,-5273.0,-17.298733678892464,-211012.0,-7.96565074533111,2.0,4.0,,,14.0,,30617.0,23.666590456282457
2006,Toscana,regione,Attività sportiva,25870.0,3046189.0,,,,117.74986470815615,,,117.74986470815615,141965.0,25377897.0,,,18.222801394709965,12.003315325931064,,,661.0,2.6220794160815686,608177.0,24.945611424390044,2.0,2.0,,,15.0,,30617.0,23.666590456282457
2007,Toscana,regione,Attività sportiva,31536.0,3520429.0,,,,111.63207128361238,,,111.63207128361238,199984.0,30890294.0,,,15.769261540923274,11.396553881941038,,,5666.0,21.90181677618863,474240.0,15.568305183952802,2.0,2.0,,,14.0,,30617.0,23.666590456282457
2008,Toscana,regione,Attività sportiva,27171.0,3621808.0,,,,133.29682381951346,,,133.29682381951346,143979.0,28909449.0,,,18.871502094055383,12.528111483549894,,,-4365.0,-13.841324200913242,101379.0,2.8797342596598385,2.0,2.0,,,15.0,,30617.0,23.666590456282457
2009,Toscana,regione,Attività sportiva,25759.0,3293376.0,,,,127.85341045848052,,,127.85341045848052,141577.0,29645602.0,,,18.19433947604484,11.109155415363128,,,-1412.0,-5.1967170880718445,-328432.0,-9.068178103311942,2.0,2.0,,,17.0,,30617.0,23.666590456282457
2010,Toscana,regione,Attività sportiva,29026.0,3052649.0,,,,105.16946875215324,,,105.16946875215324,141712.0,27924667.0,,,20.482386812690528,10.931729284363534,,,3267.0,12.682945766528196,-240727.0,-7.309429594434402,2.0,2.0,,,17.0,,30617.0,23.666590456282457
2011,Toscana,regione,Attività sportiva,30818.0,3068166.0,,,,99.55759621000712,,,99.55759621000712,136207.0,28843726.0,,,22.62585623352691,10.63720408382745,,,1792.0,6.173775235995316,15517.0,0.5083126163538676,2.0,2.0,,,17.0,,30617.0,23.666590456282457
2012,Toscana,regione,Attività sportiva,31148.0,3118511.0,,,,100.11914087581869,,,100.11914087581869,135844.0,28232930.0,,,22.92924236624363,11.0456513015121,,,330.0,1.0708027775975015,50345.0,1.640882533735133,2.0,2.0,,,18.0,,30617.0,23.666590456282457
2013,Toscana,regione,Attività sportiva,30371.0,3197254.0,,,,105.27325409107372,,,105.27325409107372,141298.0,27183346.0,,,21.49428866650625,11.761811809333553,,,-777.0,-2.494542185694104,78743.0,2.52501915176826,2.0,2.0,,,17.0,,30617.0,23.666590456282457
2014,Toscana,regione,Attività sportiva,31868.0,3454381.0,,,,108.39654198569096,,,108.39654198569096,139509.0,28437955.0,,,22.842970704399,12.14707949288196,,,1497.0,4.9290441539626695,257127.0,8.042119894134148,2.0,2.0,,,17.0,,30617.0,23.666590456282457
2015,Toscana,regione,Attività sportiva,32277.0,3554431.0,,,,110.12271896396815,,,110.12271896396815,141193.0,28463782.0,,,22.860198451764603,12.487556994358656,,,409.0,1.283419103803185,100050.0,2.8963220907016307,2.0,2.0,,,17.0,,30617.0,23.666590456282457
2016,Toscana,regione,Attività sportiva,31980.0,3360222.0,,,,105.07260787992496,,,105.07260787992496,142570.0,29079594.0,,,22.431086483832505,11.555257614669586,,,-297.0,-0.9201598661585652,-194209.0,-5.463856240281495,2.0,2.0,,,18.0,,30617.0,23.666590456282457
2017,Toscana,regione,Attività sportiva,32414.0,3399501.0,,,,104.87755290923675,,,104.87755290923675,140143.0,30707626.0,,,23.12923228416689,11.070543193407396,,,434.0,1.35709818636649,39279.0,1.1689406235659394,2.0,2.0,,,18.0,,30617.0,23.666590456282457
2018,Toscana,regione,Attività sportiva,29046.0,3042248.0,,,,104.73896577842044,,,104.73896577842044,134238.0,30580842.0,,,21.637688284986368,9.948215291129,,,-3368.0,-10.390571975072504,-357253.0,-10.50898352434666,2.0,5.0,,,18.0,,30617.0,23.666590456282457
2019,Toscana,regione,Attività sportiva,30391.0,3285286.0,,,,108.10062189463986,,,108.10062189463986,130267.0,30905001.0,,,23.32977653588399,10.630273074574564,,,1345.0,4.630585967086698,243038.0,7.988763572200552,2.0,3.0,,,18.0,,30617.0,23.666590456282457
2020,Toscana,regione,Attività sportiva,8080.0,698807.0,,,,86.48601485148515,,,86.48601485148515,38109.0,7084247.0,,,21.202340654438583,9.86423821755509,,,-22311.0,-73.41318153400678,-2586479.0,-78.72918826549652,2.0,2.0,,,19.0,,30617.0,23.666590456282457
2021,Toscana,regione,Attività sportiva,7246.0,830773.0,114.6526359,9225524.73,10017014.84,114.65263593706872,1273.1886185481646,1382.419933756555,114.65263593706872,27192.0,8325231.0,175574380.99,183988752.94,26.64754339511621,9.978978361080912,5.2544822758198695,5.444362592786646,-834.0,-10.32178217821782,131966.0,18.884470247149785,1.0,4.0,6.0,6.0,19.0,19.0,30617.0,23.666590456282457
2004,Trentino-Alto Adige,regione,Attività sportiva,2239.0,258016.0,,,,115.23715944618134,,,115.23715944618134,172421.0,20995869.0,,,1.298565719952906,1.2288893591401242,,,,,,,16.0,17.0,,,11.0,,2093.0,26.421404682274247
2005,Trentino-Alto Adige,regione,Attività sportiva,1952.0,239640.0,,,,122.76639344262296,,,122.76639344262296,142176.0,21604551.0,,,1.3729462075174432,1.1092107399038285,,,-287.0,-12.818222420723536,-18376.0,-7.122038943321341,15.0,17.0,,,12.0,,2093.0,26.421404682274247
2006,Trentino-Alto Adige,regione,Attività sportiva,2021.0,261306.0,,,,129.29539831766454,,,129.29539831766454,141965.0,25377897.0,,,1.4235903215581305,1.029659786230514,,,69.0,3.5348360655737654,21666.0,9.041061592388576,14.0,17.0,,,14.0,,2093.0,26.421404682274247
2007,Trentino-Alto Adige,regione,Attività sportiva,3127.0,571522.0,,,,182.7700671570195,,,182.7700671570195,199984.0,30890294.0,,,1.5636250900072008,1.85016691650782,,,1106.0,54.72538347352796,310216.0,118.7175189241732,16.0,13.0,,,8.0,,2093.0,26.421404682274247
2008,Trentino-Alto Adige,regione,Attività sportiva,2113.0,399798.0,,,,189.20870799810692,,,189.20870799810692,143979.0,28909449.0,,,1.4675751324845985,1.3829319265130235,,,-1014.0,-32.4272465622002,-171724.0,-30.046787350268232,14.0,16.0,,,8.0,,2093.0,26.421404682274247
2009,Trentino-Alto Adige,regione,Attività sportiva,2167.0,496964.0,,,,229.33271804337795,,,229.33271804337795,141577.0,29645602.0,,,1.5306158486194792,1.676349834285706,,,54.0,2.555608140085197,97166.0,24.303773405569817,13.0,16.0,,,8.0,,2093.0,26.421404682274247
2010,Trentino-Alto Adige,regione,Attività sportiva,2182.0,438879.0,,,,201.13611365719524,,,201.13611365719524,141712.0,27924667.0,,,1.5397425764931691,1.5716534775508693,,,15.0,0.6922011998154121,-58085.0,-11.687969349892546,12.0,16.0,,,9.0,,2093.0,26.421404682274247
2011,Trentino-Alto Adige,regione,Attività sportiva,2292.0,637014.0,,,,277.92931937172773,,,277.92931937172773,136207.0,28843726.0,,,1.682732899190203,2.2085010792295003,,,110.0,5.041246562786439,198135.0,45.14570075123212,11.0,13.0,,,8.0,,2093.0,26.421404682274247
2012,Trentino-Alto Adige,regione,Attività sportiva,2335.0,479220.0,,,,205.2334047109208,,,205.2334047109208,135844.0,28232930.0,,,1.7188834251052678,1.6973796201811149,,,43.0,1.87609075043631,-157794.0,-24.77088415639217,10.0,15.0,,,9.0,,2093.0,26.421404682274247
2013,Trentino-Alto Adige,regione,Attività sportiva,2435.0,606637.0,,,,249.13223819301848,,,249.13223819301848,141298.0,27183346.0,,,1.72330818553695,2.2316494812669494,,,100.0,4.282655246252687,127417.0,26.588414506907053,10.0,12.0,,,8.0,,2093.0,26.421404682274247
2014,Trentino-Alto Adige,regione,Attività sportiva,2263.0,528070.0,,,,233.3495360141405,,,233.3495360141405,139509.0,28437955.0,,,1.6221175694758043,1.856919739833613,,,-172.0,-7.06365503080082,-78567.0,-12.951237725361295,10.0,13.0,,,8.0,,2093.0,26.421404682274247
2015,Trentino-Alto Adige,regione,Attività sportiva,2507.0,551214.0,,,,219.86996410051856,,,219.86996410051856,141193.0,28463782.0,,,1.7755837753996302,1.9365451857381424,,,244.0,10.782147591692448,23144.0,4.382752286628677,10.0,12.0,,,11.0,,2093.0,26.421404682274247
2016,Trentino-Alto Adige,regione,Attività sportiva,2415.0,600682.0,,,,248.7296066252588,,,248.7296066252588,142570.0,29079594.0,,,1.6939047485445744,2.065647821630522,,,-92.0,-3.669724770642202,49468.0,8.974372929569995,10.0,13.0,,,9.0,,2093.0,26.421404682274247
2017,Trentino-Alto Adige,regione,Attività sportiva,2095.0,594666.0,,,,283.85011933174223,,,283.85011933174223,140143.0,30707626.0,,,1.4949016361858958,1.936541756761008,,,-320.0,-13.25051759834368,-6016.0,-1.0015282628745292,12.0,13.0,,,9.0,,2093.0,26.421404682274247
2018,Trentino-Alto Adige,regione,Attività sportiva,2028.0,620641.0,,,,306.0359960552268,,,306.0359960552268,134238.0,30580842.0,,,1.5107495642068565,2.029509194024154,,,-67.0,-3.1980906921241004,25975.0,4.367998170401544,11.0,13.0,,,8.0,,2093.0,26.421404682274247
2019,Trentino-Alto Adige,regione,Attività sportiva,2156.0,541465.0,,,,251.14332096474956,,,251.14332096474956,130267.0,30905001.0,,,1.6550622951323053,1.7520303590994868,,,128.0,6.31163708086786,-79176.0,-12.757133350842109,11.0,16.0,,,10.0,,2093.0,26.421404682274247
2020,Trentino-Alto Adige,regione,Attività sportiva,832.0,278801.0,,,,335.0973557692308,,,335.0973557692308,38109.0,7084247.0,,,2.183211314912488,3.935506483610749,,,-1324.0,-61.41001855287569,-262664.0,-48.509875984597336,9.0,9.0,,,7.0,,2093.0,26.421404682274247
2021,Trentino-Alto Adige,regione,Attività sportiva,553.0,170363.0,308.0705244,2686884.2,3047128.84,308.0705244122965,4858.741772151899,5510.178734177215,308.0705244122965,27192.0,8325231.0,175574380.99,183988752.94,2.0336863783465726,2.046345620920308,1.5303395545805931,1.6561495152878662,-279.0,-33.53365384615385,-108438.0,-38.89440855664076,8.0,13.0,11.0,11.0,12.0,11.0,2093.0,26.421404682274247
2004,Umbria,regione,Attività sportiva,4600.0,407401.0,,,,88.56543478260869,,,88.56543478260869,172421.0,20995869.0,,,2.667888482261441,1.940386463641967,,,,,,,8.0,15.0,,,14.0,,2869.0,11.5719762983618
2005,Umbria,regione,Attività sportiva,3612.0,286242.0,,,,79.24750830564784,,,79.24750830564784,142176.0,21604551.0,,,2.540513166779203,1.3249152921530285,,,-988.0,-21.47826086956521,-121159.0,-29.739494993875816,8.0,15.0,,,18.0,,2869.0,11.5719762983618
2006,Umbria,regione,Attività sportiva,3841.0,304452.0,,,,79.2637334027597,,,79.2637334027597,141965.0,25377897.0,,,2.705596449829183,1.199673873686224,,,229.0,6.33997785160576,18210.0,6.361749848030684,8.0,16.0,,,19.0,,2869.0,11.5719762983618
2007,Umbria,regione,Attività sportiva,5210.0,418573.0,,,,80.34030710172745,,,80.34030710172745,199984.0,30890294.0,,,2.605208416673334,1.3550308067640924,,,1369.0,35.641759958344174,114121.0,37.48406973841525,11.0,17.0,,,17.0,,2869.0,11.5719762983618
2008,Umbria,regione,Attività sportiva,4791.0,352840.0,,,,73.64642037152996,,,73.64642037152996,143979.0,28909449.0,,,3.3275686037547145,1.2205006051827554,,,-419.0,-8.042226487523996,-65733.0,-15.70407073557062,8.0,17.0,,,19.0,,2869.0,11.5719762983618
2009,Umbria,regione,Attività sportiva,4866.0,380307.0,,,,78.15598027127004,,,78.15598027127004,141577.0,29645602.0,,,3.436998947569167,1.2828445851765802,,,75.0,1.5654351909830888,27467.0,7.784548237161326,8.0,17.0,,,19.0,,2869.0,11.5719762983618
2010,Umbria,regione,Attività sportiva,4428.0,345322.0,,,,77.98599819331527,,,77.98599819331527,141712.0,27924667.0,,,3.124647171728576,1.236619938923533,,,-438.0,-9.001233045622692,-34985.0,-9.199147004919704,8.0,17.0,,,19.0,,2869.0,11.5719762983618
2011,Umbria,regione,Attività sportiva,4123.0,412808.0,,,,100.1232112539413,,,100.1232112539413,136207.0,28843726.0,,,3.0270103592326385,1.4311881897643877,,,-305.0,-6.887985546522135,67486.0,19.54291936221846,8.0,16.0,,,16.0,,2869.0,11.5719762983618
2012,Umbria,regione,Attività sportiva,4099.0,514492.0,,,,125.51646743108076,,,125.51646743108076,135844.0,28232930.0,,,3.017431759959954,1.822311747310676,,,-24.0,-0.5821004123211293,101684.0,24.63227456832231,8.0,14.0,,,16.0,,2869.0,11.5719762983618
2013,Umbria,regione,Attività sportiva,3926.0,438586.0,,,,111.71319409067752,,,111.71319409067752,141298.0,27183346.0,,,2.7785248198842165,1.6134364033036992,,,-173.0,-4.220541595511095,-75906.0,-14.753582174261217,8.0,15.0,,,15.0,,2869.0,11.5719762983618
2014,Umbria,regione,Attività sportiva,3861.0,529753.0,,,,137.2061642061642,,,137.2061642061642,139509.0,28437955.0,,,2.767563383007548,1.8628378869015016,,,-65.0,-1.655629139072845,91167.0,20.786573214831307,8.0,12.0,,,15.0,,2869.0,11.5719762983618
2015,Umbria,regione,Attività sportiva,3358.0,497481.0,,,,148.1480047647409,,,148.1480047647409,141193.0,28463782.0,,,2.3783048734710643,1.7477684448257789,,,-503.0,-13.027713027713029,-32272.0,-6.09189565703262,8.0,14.0,,,15.0,,2869.0,11.5719762983618
2016,Umbria,regione,Attività sportiva,3073.0,429904.0,,,,139.89716889033517,,,139.89716889033517,142570.0,29079594.0,,,2.1554324191625165,1.4783700212595816,,,-285.0,-8.487194758784987,-67577.0,-13.583835362556565,8.0,16.0,,,15.0,,2869.0,11.5719762983618
2017,Umbria,regione,Attività sportiva,2881.0,544835.0,,,,189.11315515446023,,,189.11315515446023,140143.0,30707626.0,,,2.0557573335807,1.7742661057549676,,,-192.0,-6.247966156849982,114931.0,26.734108079943432,8.0,14.0,,,13.0,,2869.0,11.5719762983618
2018,Umbria,regione,Attività sportiva,2928.0,471297.0,,,,160.96209016393442,,,160.96209016393442,134238.0,30580842.0,,,2.181200554239485,1.5411511560080655,,,47.0,1.63137799375217,-73538.0,-13.497297346903192,8.0,16.0,,,16.0,,2869.0,11.5719762983618
2019,Umbria,regione,Attività sportiva,2798.0,583215.0,,,,208.43995711222303,,,208.43995711222303,130267.0,30905001.0,,,2.147896243868362,1.8871217638853983,,,-130.0,-4.43989071038251,111918.0,23.746809336787635,8.0,15.0,,,13.0,,2869.0,11.5719762983618
2020,Umbria,regione,Attività sportiva,747.0,170443.0,,,,228.17001338688087,,,228.17001338688087,38109.0,7084247.0,,,1.960166889711092,2.4059437792047627,,,-2051.0,-73.3023588277341,-412772.0,-70.77527155508689,11.0,14.0,,,9.0,,2869.0,11.5719762983618
2021,Umbria,regione,Attività sportiva,332.0,108434.0,326.6084337,1028071.11,1153329.91,326.6084337349397,3096.5997289156626,3473.885271084337,326.6084337349397,27192.0,8325231.0,175574380.99,183988752.94,1.220947337452192,1.30247436978025,0.5855473356665598,0.6268480499871146,-415.0,-55.55555555555556,-62009.0,-36.38107754498572,16.0,16.0,16.0,16.0,11.0,16.0,2869.0,11.5719762983618
2004,Valle d'Aosta,regione,Attività sportiva,236.0,17411.0,,,,73.77542372881356,,,73.77542372881356,172421.0,20995869.0,,,0.1368742786551522,0.0829258365062193,,,,,,,20.0,20.0,,,19.0,,363.0,47.658402203856745
2005,Valle d'Aosta,regione,Attività sportiva,206.0,12872.0,,,,62.48543689320388,,,62.48543689320388,142176.0,21604551.0,,,0.1448908395228449,0.0595800394092892,,,-30.0,-12.71186440677966,-4539.0,-26.069726035265063,20.0,20.0,,,20.0,,363.0,47.658402203856745
2006,Valle d'Aosta,regione,Attività sportiva,236.0,10901.0,,,,46.190677966101696,,,46.190677966101696,141965.0,25377897.0,,,0.1662381572922903,0.042954701880932,,,30.0,14.563106796116498,-1971.0,-15.312305779987568,20.0,20.0,,,20.0,,363.0,47.658402203856745
2007,Valle d'Aosta,regione,Attività sportiva,321.0,20929.0,,,,65.19937694704049,,,65.19937694704049,199984.0,30890294.0,,,0.1605128410272821,0.0677526733801886,,,85.0,36.01694915254237,10028.0,91.99156040730207,20.0,20.0,,,20.0,,363.0,47.658402203856745
2008,Valle d'Aosta,regione,Attività sportiva,285.0,14577.0,,,,51.14736842105263,,,51.14736842105263,143979.0,28909449.0,,,0.197945533723668,0.0504229603269159,,,-36.0,-11.21495327102804,-6352.0,-30.35023173586889,20.0,20.0,,,20.0,,363.0,47.658402203856745
2009,Valle d'Aosta,regione,Attività sportiva,328.0,15773.0,,,,48.08841463414634,,,48.08841463414634,141577.0,29645602.0,,,0.2316760490757679,0.0532051938091862,,,43.0,15.087719298245617,1196.0,8.204706043767573,20.0,20.0,,,20.0,,363.0,47.658402203856745
2010,Valle d'Aosta,regione,Attività sportiva,235.0,12033.0,,,,51.204255319148935,,,51.204255319148935,141712.0,27924667.0,,,0.1658292875691543,0.0430909346206348,,,-93.0,-28.353658536585368,-3740.0,-23.711405566474355,20.0,20.0,,,20.0,,363.0,47.658402203856745
2011,Valle d'Aosta,regione,Attività sportiva,209.0,11019.0,,,,52.72248803827751,,,52.72248803827751,136207.0,28843726.0,,,0.1534429214357558,0.0382024153190194,,,-26.0,-11.063829787234049,-1014.0,-8.426826227873352,20.0,20.0,,,20.0,,363.0,47.658402203856745
2012,Valle d'Aosta,regione,Attività sportiva,279.0,42407.0,,,,151.99641577060933,,,151.99641577060933,135844.0,28232930.0,,,0.2053826447984452,0.1502040347919964,,,70.0,33.49282296650718,31388.0,284.8534349759506,20.0,19.0,,,15.0,,363.0,47.658402203856745
2013,Valle d'Aosta,regione,Attività sportiva,371.0,48255.0,,,,130.06738544474393,,,130.06738544474393,141298.0,27183346.0,,,0.2625656414103526,0.1775167781037698,,,92.0,32.97491039426524,5848.0,13.79017615016389,20.0,18.0,,,14.0,,363.0,47.658402203856745
2014,Valle d'Aosta,regione,Attività sportiva,351.0,21460.0,,,,61.13960113960114,,,61.13960113960114,139509.0,28437955.0,,,0.2515966711825043,0.0754625288632744,,,-20.0,-5.39083557951483,-26795.0,-55.52792456740234,20.0,20.0,,,20.0,,363.0,47.658402203856745
2015,Valle d'Aosta,regione,Attività sportiva,259.0,20150.0,,,,77.7992277992278,,,77.7992277992278,141193.0,28463782.0,,,0.1834368559347843,0.0707917169967083,,,-92.0,-26.21082621082621,-1310.0,-6.10438024231128,20.0,20.0,,,20.0,,363.0,47.658402203856745
2016,Valle d'Aosta,regione,Attività sportiva,334.0,18109.0,,,,54.2185628742515,,,54.2185628742515,142570.0,29079594.0,,,0.2342708844778004,0.0622739093262443,,,75.0,28.957528957528964,-2041.0,-10.12903225806452,19.0,20.0,,,20.0,,363.0,47.658402203856745
2017,Valle d'Aosta,regione,Attività sportiva,343.0,16868.0,,,,49.17784256559767,,,49.17784256559767,140143.0,30707626.0,,,0.2447500053516765,0.0549309803369365,,,9.0,2.6946107784431077,-1241.0,-6.852946048925945,19.0,20.0,,,20.0,,363.0,47.658402203856745
2018,Valle d'Aosta,regione,Attività sportiva,408.0,24780.0,,,,60.73529411764706,,,60.73529411764706,134238.0,30580842.0,,,0.3039377821481249,0.0810311239958664,,,65.0,18.950437317784253,7912.0,46.905382973677966,19.0,19.0,,,20.0,,363.0,47.658402203856745
2019,Valle d'Aosta,regione,Attività sportiva,338.0,15962.0,,,,47.22485207100592,,,47.22485207100592,130267.0,30905001.0,,,0.2594670945058994,0.0516485988788675,,,-70.0,-17.156862745098035,-8818.0,-35.58514931396287,19.0,20.0,,,20.0,,363.0,47.658402203856745
2020,Valle d'Aosta,regione,Attività sportiva,87.0,3965.0,,,,45.57471264367816,,,45.57471264367816,38109.0,7084247.0,,,0.2282925293237818,0.0559692512132905,,,-251.0,-74.2603550295858,-11997.0,-75.15975441673976,20.0,20.0,,,20.0,,363.0,47.658402203856745
2021,Valle d'Aosta,regione,Attività sportiva,173.0,10024.0,57.94219653,115212.5,119521.5,57.94219653179191,665.9682080924855,690.8757225433526,57.94219653179191,27192.0,8325231.0,175574380.99,183988752.94,0.6362165342747866,0.1204050674389695,0.0656203367201744,0.0649613077376402,86.0,98.85057471264366,6059.0,152.81210592686003,18.0,20.0,20.0,20.0,20.0,20.0,363.0,47.658402203856745
2004,Veneto,regione,Attività sportiva,16685.0,1325956.0,,,,79.4699430626311,,,79.4699430626311,172421.0,20995869.0,,,9.67689550576786,6.315318503844733,,,,,,,5.0,6.0,,,18.0,,10071.333333333334,18.14059707420401
2005,Veneto,regione,Attività sportiva,12844.0,1155032.0,,,,89.92774836499532,,,89.92774836499532,142176.0,21604551.0,,,9.03387350889039,5.346243946472204,,,-3841.0,-23.02067725501949,-170924.0,-12.89062382160494,5.0,7.0,,,16.0,,10071.333333333334,18.14059707420401
2006,Veneto,regione,Attività sportiva,12822.0,1268107.0,,,,98.90087349867416,,,98.90087349867416,141965.0,25377897.0,,,9.031803613566725,4.996895526843694,,,-22.0,-0.1712862036748696,113075.0,9.789772058263324,5.0,7.0,,,17.0,,10071.333333333334,18.14059707420401
2007,Veneto,regione,Attività sportiva,18233.0,1832873.0,,,,100.52503702078648,,,100.52503702078648,199984.0,30890294.0,,,9.117229378350268,5.933491600954008,,,5411.0,42.20090469505537,564766.0,44.53614718631786,5.0,7.0,,,15.0,,10071.333333333334,18.14059707420401
2008,Veneto,regione,Attività sportiva,14042.0,1763598.0,,,,125.59450220766271,,,125.59450220766271,143979.0,28909449.0,,,9.752811173851743,6.100420661770483,,,-4191.0,-22.985794987111284,-69275.0,-3.7795853831662063,5.0,7.0,,,16.0,,10071.333333333334,18.14059707420401
2009,Veneto,regione,Attività sportiva,12632.0,1838608.0,,,,145.55161494616846,,,145.55161494616846,141577.0,29645602.0,,,8.922353207088722,6.20195872561468,,,-1410.0,-10.041304657456209,75010.0,4.253236848760311,5.0,6.0,,,14.0,,10071.333333333334,18.14059707420401
2010,Veneto,regione,Attività sportiva,12503.0,1940680.0,,,,155.2171478845077,,,155.2171478845077,141712.0,27924667.0,,,8.822823755221858,6.949697914034212,,,-129.0,-1.0212159594680137,102072.0,5.55159120378026,5.0,6.0,,,12.0,,10071.333333333334,18.14059707420401
2011,Veneto,regione,Attività sportiva,11359.0,1982537.0,,,,174.53446606215337,,,174.53446606215337,136207.0,28843726.0,,,8.339512653534694,6.873373433099454,,,-1144.0,-9.14980404702871,41857.0,2.1568213203619457,5.0,6.0,,,12.0,,10071.333333333334,18.14059707420401
2012,Veneto,regione,Attività sportiva,11096.0,1826714.0,,,,164.6281542898342,,,164.6281542898342,135844.0,28232930.0,,,8.168192927181178,6.470153823921216,,,-263.0,-2.315344660621532,-155823.0,-7.859777648538213,5.0,6.0,,,13.0,,10071.333333333334,18.14059707420401
2013,Veneto,regione,Attività sportiva,11802.0,1757954.0,,,,148.95390611760718,,,148.95390611760718,141298.0,27183346.0,,,8.352559838072725,6.467025803225254,,,706.0,6.362653208363378,-68760.0,-3.7641360388106726,5.0,7.0,,,13.0,,10071.333333333334,18.14059707420401
2014,Veneto,regione,Attività sportiva,11134.0,1732445.0,,,,155.59951499910184,,,155.59951499910184,139509.0,28437955.0,,,7.980847113806277,6.09201681344527,,,-668.0,-5.660057617352987,-25509.0,-1.451061859411562,5.0,7.0,,,14.0,,10071.333333333334,18.14059707420401
2015,Veneto,regione,Attività sportiva,10482.0,1746370.0,,,,166.60656363289448,,,166.60656363289448,141193.0,28463782.0,,,7.423880787291155,6.135410958389156,,,-652.0,-5.855936770253278,13925.0,0.8037773204921272,5.0,7.0,,,12.0,,10071.333333333334,18.14059707420401
2016,Veneto,regione,Attività sportiva,10192.0,1741535.0,,,,170.87274332810048,,,170.87274332810048,142570.0,29079594.0,,,7.148769025741741,5.988855965458114,,,-290.0,-2.7666475863384887,-4835.0,-0.2768600010307098,5.0,7.0,,,12.0,,10071.333333333334,18.14059707420401
2017,Veneto,regione,Attività sportiva,9747.0,1868217.0,,,,191.6709756848261,,,191.6709756848261,140143.0,30707626.0,,,6.955038781815717,6.083886133040698,,,-445.0,-4.366169544740972,126682.0,7.274157567892692,5.0,7.0,,,12.0,,10071.333333333334,18.14059707420401
2018,Veneto,regione,Attività sportiva,10418.0,2051381.0,,,,196.9073718564024,,,196.9073718564024,134238.0,30580842.0,,,7.760842682399917,6.708059248335935,,,671.0,6.884169488047598,183164.0,9.804214392653533,5.0,6.0,,,11.0,,10071.333333333334,18.14059707420401
2019,Veneto,regione,Attività sportiva,10049.0,2068903.0,,,,205.88148074435267,,,205.88148074435267,130267.0,30905001.0,,,7.714156309733086,6.694395512234412,,,-369.0,-3.5419466308312497,17522.0,0.8541562976355888,5.0,6.0,,,14.0,,10071.333333333334,18.14059707420401
2020,Veneto,regione,Attività sportiva,3384.0,434554.0,,,,128.4143026004728,,,128.4143026004728,38109.0,7084247.0,,,8.879792175076753,6.134088774713812,,,-6665.0,-66.3250074634292,-1634349.0,-78.99592199344289,4.0,6.0,,,16.0,,10071.333333333334,18.14059707420401
2021,Veneto,regione,Attività sportiva,1827.0,464207.0,254.0815545,6931791.06,7363545.0,254.0815544608648,3794.083776683087,4030.402298850575,254.0815544608648,27192.0,8325231.0,175574380.99,183988752.94,6.7188879082082975,5.575905341245186,3.9480652136798966,4.0021712644583785,-1557.0,-46.01063829787234,29653.0,6.823777942442133,4.0,7.0,7.0,7.0,14.0,14.0,10071.333333333334,18.14059707420401
